shop_name,stylebox_shop_id,shop_url,product_url,product_name,original_price,imgs,scrape_date,discounted_price,review,size,color,description_1,description_2,rating
Ananas,12,https://ananas.vn/,https://ananas.vn/product-detail/acs020/,Crew Socks - Let It Be - Jet Black,95.000 VND,"['https://ananas.vn/wp-content/uploads/ACS020_2.jpg', 'https://ananas.vn/wp-content/uploads/ACS020_1.jpg']",2022-08-02 15:40:30.224109,,,,,,,
Ananas,12,https://ananas.vn/,https://ananas.vn/product-detail/av00114/,Basas Bumper Gum EXT NE - Low Top - Offwhite/Gum,580.000 VND,"['https://ananas.vn/wp-content/uploads/pro_AV00114_3.jpg', 'https://ananas.vn/wp-content/uploads/pro_AV00114_8.jpg', 'https://ananas.vn/wp-content/uploads/pro_AV00114_4.jpg', 'https://ananas.vn/wp-content/uploads/pro_AV00114_7.jpg', 'https://ananas.vn/wp-content/uploads/pro_AV00114_2.jpg', 'https://ananas.vn/wp-content/uploads/pro_AV00114_6.jpg', 'https://ananas.vn/wp-content/uploads/pro_AV00114_5.jpg', 'https://ananas.vn/wp-content/uploads/pro_AV00114_1.jpg']",2022-08-02 15:40:31.244050,,,,,,,
Ananas,12,https://ananas.vn/,https://ananas.vn/product-detail/alb003/,Blank Shoelaces - Antique Bronze,35.000 VND,"['https://ananas.vn/wp-content/uploads/ALB003_3.jpg', 'https://ananas.vn/wp-content/uploads/ALB003_1.jpg', 'https://ananas.vn/wp-content/uploads/ALB003_2.jpg']",2022-08-02 15:40:32.044065,,,,,,,
Ananas,12,https://ananas.vn/,https://ananas.vn/product-detail/a61032/,Vintas Saigon 1980s - Low Top - Vin Black,480.000 VND,"['https://ananas.vn/wp-content/uploads/pro_vintas_A61032_3.jpg', 'https://ananas.vn/wp-content/uploads/pro_vintas_A61032_5.jpg', 'https://ananas.vn/wp-content/uploads/pro_vintas_A61032_1.jpg', 'https://ananas.vn/wp-content/uploads/pro_vintas_A61032_4.jpg', 'https://ananas.vn/wp-content/uploads/pro_vintas_A61032_2.jpg']",2022-08-02 15:40:33.344703,,,,,,,
Ananas,12,https://ananas.vn/,https://ananas.vn/product-detail/a61111/,Vintas Temperate - High Top - Dusty Olive,610.000 VND,"['https://ananas.vn/wp-content/uploads/pro_A61111_2.jpg', 'https://ananas.vn/wp-content/uploads/pro_A61111_3.jpg', 'https://ananas.vn/wp-content/uploads/pro_A61111_4.jpg', 'https://ananas.vn/wp-content/uploads/pro_A61111_5.jpg', 'https://ananas.vn/wp-content/uploads/pro_A61111_1.jpg']",2022-08-02 15:40:34.303204,,,,,,,
Ananas,12,https://ananas.vn/,https://ananas.vn/policy/,SẢN PHẨM,,[],2022-08-02 15:40:34.710897,,,,,,,
Ananas,12,https://ananas.vn/,https://ananas.vn/product-detail/alb009/,Blank Shoelaces - White,35.000 VND,"['https://ananas.vn/wp-content/uploads/pro_ALB009_2.jpg', 'https://ananas.vn/wp-content/uploads/pro_ALB009_3.jpg', 'https://ananas.vn/wp-content/uploads/pro_ALB009_1.jpg']",2022-08-02 15:40:36.498933,,,,,,,
Ananas,12,https://ananas.vn/,https://ananas.vn/faqs,SẢN PHẨM,,[],2022-08-02 15:40:37.172295,,,,,,,
Ananas,12,https://ananas.vn/,https://ananas.vn/product-detail/av00101/,Vintas Mister NE - High Top - Chocolate Brown,650.000 VND,"['https://ananas.vn/wp-content/uploads/pro_AV00101_2.jpg', 'https://ananas.vn/wp-content/uploads/pro_AV00101_3.jpg', 'https://ananas.vn/wp-content/uploads/pro_AV00101_5.jpg', 'https://ananas.vn/wp-content/uploads/pro_AV00101_4.jpg', 'https://ananas.vn/wp-content/uploads/pro_AV00101_1.jpg']",2022-08-02 15:40:40.263290,,,,,,,
Ananas,12,https://ananas.vn/,https://ananas.vn/product-detail/a61080/,Basas New Simple Life - High Top - Taupe,390.000 VND,"['https://ananas.vn/wp-content/uploads/pro_basas_A61080_2.jpg', 'https://ananas.vn/wp-content/uploads/pro_basas_A61080_5.jpg', 'https://ananas.vn/wp-content/uploads/pro_basas_A61080_3.jpg', 'https://ananas.vn/wp-content/uploads/pro_basas_A61080_1.jpg', 'https://ananas.vn/wp-content/uploads/pro_basas_A61080_4.jpg']",2022-08-02 15:40:44.675915,,,,,,,
Ananas,12,https://ananas.vn/,https://ananas.vn/product-detail/a61054/,Urbas Bloody - Low Top - Haute Red,440.000 VND,"['https://ananas.vn/wp-content/uploads/pro_urbas_A61054_1.jpg', 'https://ananas.vn/wp-content/uploads/pro_urbas_A61054_5-1.jpg', 'https://ananas.vn/wp-content/uploads/pro_urbas_A61054_3-1.jpg', 'https://ananas.vn/wp-content/uploads/pro_urbas_A61054_2-1.jpg', 'https://ananas.vn/wp-content/uploads/pro_urbas_A61054_4-1.jpg']",2022-08-02 15:40:46.067495,,,,,,,
Ananas,12,https://ananas.vn/,https://ananas.vn/product-detail/av00025/,Vintas Bleached Sand NE - Low Top - Beached Sand,560.000 VND,"['https://ananas.vn/wp-content/uploads/pro_AV00025_7.jpg', 'https://ananas.vn/wp-content/uploads/Pro_AV00025_1.jpg', 'https://ananas.vn/wp-content/uploads/Pro_AV00025_4.jpg', 'https://ananas.vn/wp-content/uploads/pro_AV00025_6-1.jpg', 'https://ananas.vn/wp-content/uploads/Pro_AV00025_3.jpg', 'https://ananas.vn/wp-content/uploads/Pro_AV00025_2.jpg', 'https://ananas.vn/wp-content/uploads/Pro_AV00025_5.jpg']",2022-08-02 15:40:47.526503,,,,,,,
Ananas,12,https://ananas.vn/,https://ananas.vn/product-detail/a61001/,Basas Mono Black - Low Top - All Black,420.000 VND,"['https://ananas.vn/wp-content/uploads/stu_basas_A61001_5.jpg', 'https://ananas.vn/wp-content/uploads/stu_basas_A61001_2.jpg', 'https://ananas.vn/wp-content/uploads/stu_basas_A61001_1.jpg', 'https://ananas.vn/wp-content/uploads/stu_basas_A61001_4.jpg', 'https://ananas.vn/wp-content/uploads/stu_basas_A61001_3.jpg']",2022-08-02 15:40:48.452431,,,,,,,
Ananas,12,https://ananas.vn/,https://ananas.vn/product-detail/av00000/,Basas Simple Life NE -  Low Top - Black,490.000 VND,"['https://ananas.vn/wp-content/uploads/Pro_AV00000_5-2.jpg', 'https://ananas.vn/wp-content/uploads/pro_AV00000_7.jpg', 'https://ananas.vn/wp-content/uploads/Pro_AV00000_2.jpg', 'https://ananas.vn/wp-content/uploads/Pro_AV00000_3.jpg', 'https://ananas.vn/wp-content/uploads/pro_AV00000_5.jpg', 'https://ananas.vn/wp-content/uploads/Pro_AV00000_1.jpg', 'https://ananas.vn/wp-content/uploads/Pro_AV00000_4.jpg']",2022-08-02 15:40:50.208591,,,,,,,
Ananas,12,https://ananas.vn/,https://ananas.vn/product-detail/abh001/,Bucket Hat - Ananas Typo Box - Black,285.000 VND,"['https://ananas.vn/wp-content/uploads/pro_ABH001_2.jpg', 'https://ananas.vn/wp-content/uploads/pro_ABH001_3.jpg', 'https://ananas.vn/wp-content/uploads/pro_ABH001_1-2.jpg', 'https://ananas.vn/wp-content/uploads/pro_ABH001_4.jpg']",2022-08-02 15:40:51.007924,,,,,,,
Ananas,12,https://ananas.vn/,https://ananas.vn/product-detail/agt0010/,Hiphop Graphic Tee - Ananas Symbol - Black,365.000 VND,"['https://ananas.vn/wp-content/uploads/AGT0010_4.jpg', 'https://ananas.vn/wp-content/uploads/AGT0010_1.jpg', 'https://ananas.vn/wp-content/uploads/AGT0010_3.jpg', 'https://ananas.vn/wp-content/uploads/AGT0010_5.jpg', 'https://ananas.vn/wp-content/uploads/AGT0010_2.jpg']",2022-08-02 15:40:51.776888,,,,,,,
Ananas,12,https://ananas.vn/,https://ananas.vn/product-detail/av00004/,Basas Bumper Gum NE - Mule - Black/Gum,520.000 VND,"['https://ananas.vn/wp-content/uploads/pro_AV00004_3.jpg', 'https://ananas.vn/wp-content/uploads/pro_AV00004_4.jpg', 'https://ananas.vn/wp-content/uploads/pro_AV00004_5.jpg', 'https://ananas.vn/wp-content/uploads/pro_AV00004_1.jpg', 'https://ananas.vn/wp-content/uploads/pro_AV00004_6.jpg', 'https://ananas.vn/wp-content/uploads/pro_AV00004_2.jpg']",2022-08-02 15:40:52.812247,,,,,,,
Ananas,12,https://ananas.vn/,https://ananas.vn/product-detail/abn002/,Beanie Hat - Go Skate - Olive,195.000 VND,"['https://ananas.vn/wp-content/uploads/pro_ABN002_1-1-1.jpg', 'https://ananas.vn/wp-content/uploads/pro_ABN002_2.jpg']",2022-08-02 15:40:55.338307,,,,,,,
Ananas,12,https://ananas.vn/,https://ananas.vn/product-detail/agt0011/,Hiphop Graphic Tee - Est. '17 Ananas - Black,350.000 VND,"['https://ananas.vn/wp-content/uploads/AGT0011_5.jpg', 'https://ananas.vn/wp-content/uploads/AGT0011_3.jpg', 'https://ananas.vn/wp-content/uploads/AGT0011_1-1.jpg', 'https://ananas.vn/wp-content/uploads/AGT0011_4.jpg', 'https://ananas.vn/wp-content/uploads/AGT0011_2-1.jpg']",2022-08-02 15:40:56.500621,,,,,,,
Ananas,12,https://ananas.vn/,https://ananas.vn/product-detail/a6t003/,Track 6 Triple Black - Low Top - Black,990.000 VND,"['https://ananas.vn/wp-content/uploads/pro_track6_A6T003_11.jpg', 'https://ananas.vn/wp-content/uploads/pro_track6_A6T003_12.jpg', 'https://ananas.vn/wp-content/uploads/pro_track6_A6T003_6.jpg', 'https://ananas.vn/wp-content/uploads/pro_track6_A6T003_4.jpg', 'https://ananas.vn/wp-content/uploads/pro_track6_A6T003_3.jpg', 'https://ananas.vn/wp-content/uploads/pro_track6_A6T003_9.jpg', 'https://ananas.vn/wp-content/uploads/pro_track6_A6T003_5.jpg', 'https://ananas.vn/wp-content/uploads/pro_track6_A6T003_2.jpg', 'https://ananas.vn/wp-content/uploads/pro_track6_A6T003_1.jpg']",2022-08-02 15:40:57.627703,,,,,,,
Ananas,12,https://ananas.vn/,https://ananas.vn/product-detail/abc008/,Baseball Cap - Be Positive - Oc.Khaki,285.000 VND,"['https://ananas.vn/wp-content/uploads/pro_ABC008_1.jpg', 'https://ananas.vn/wp-content/uploads/pro_cap_ABC008_2.jpg', 'https://ananas.vn/wp-content/uploads/pro_ABC008_2.jpg']",2022-08-02 15:40:58.554154,,,,,,,
Ananas,12,https://ananas.vn/,https://ananas.vn/product-detail/av00126/,Urbas Ruler - Low Top - Silver Pink,590.000 VND,"['https://ananas.vn/wp-content/uploads/Pro_AV00126_8.jpeg', 'https://ananas.vn/wp-content/uploads/Pro_AV00126_5.jpeg', 'https://ananas.vn/wp-content/uploads/Pro_AV00126_6.jpeg', 'https://ananas.vn/wp-content/uploads/Pro_AV00126_3.jpeg', 'https://ananas.vn/wp-content/uploads/Pro_AV00126_2.jpeg', 'https://ananas.vn/wp-content/uploads/Pro_AV00126_1.jpeg', 'https://ananas.vn/wp-content/uploads/Pro_AV00126_7.jpeg', 'https://ananas.vn/wp-content/uploads/Pro_AV00126_4.jpeg']",2022-08-02 15:40:59.761601,,,,,,,
Ananas,12,https://ananas.vn/,https://ananas.vn/product-detail/a6t007/,Track 6 Suede Moonphase - Low Top - Winterize,990.000 VND,"['https://ananas.vn/wp-content/uploads/pro_A6T007_1.jpg', 'https://ananas.vn/wp-content/uploads/pro_A6T007_2.jpg', 'https://ananas.vn/wp-content/uploads/pro_A6T007_4.jpg', 'https://ananas.vn/wp-content/uploads/pro_A6T007_3.jpg', 'https://ananas.vn/wp-content/uploads/pro_A6T007_5.jpg']",2022-08-02 15:41:01.299563,,,,,,,
Ananas,12,https://ananas.vn/,https://ananas.vn/product-detail/a61034/,Vintas Earth - Low Top - Goat,450.000 VND,"['https://ananas.vn/wp-content/uploads/pro_vintas_A61034_4.jpg', 'https://ananas.vn/wp-content/uploads/pro_vintas_A61034_2.jpg', 'https://ananas.vn/wp-content/uploads/pro_vintas_A61034_1.jpg', 'https://ananas.vn/wp-content/uploads/pro_vintas_A61034_5.jpg', 'https://ananas.vn/wp-content/uploads/pro_vintas_A61034_3.jpg']",2022-08-02 15:41:02.302345,,,,,,,
Ananas,12,https://ananas.vn/,https://ananas.vn/product-detail/a6t002/,Track 6 Triple White - Low Top - White,990.000 VND,"['https://ananas.vn/wp-content/uploads/pro_track6_A6T002_2.jpg', 'https://ananas.vn/wp-content/uploads/pro_track6_A6T002_4.jpg', 'https://ananas.vn/wp-content/uploads/pro_track6_A6T002_9.jpg', 'https://ananas.vn/wp-content/uploads/pro_track6_A6T002_10.jpg', 'https://ananas.vn/wp-content/uploads/pro_track6_A6T002_5.jpg', 'https://ananas.vn/wp-content/uploads/pro_track6_A6T002_8.jpg', 'https://ananas.vn/wp-content/uploads/pro_track6_A6T002_3.jpg', 'https://ananas.vn/wp-content/uploads/pro_track6_A6T002_7.jpg', 'https://ananas.vn/wp-content/uploads/pro_track6_A6T002_1.jpg']",2022-08-02 15:41:03.227684,,,,,,,
Ananas,12,https://ananas.vn/,https://ananas.vn/product-detail/a61093/,Urbas Corluray - High Top - Mouse,510.000 VND,"['https://ananas.vn/wp-content/uploads/pro_A61093_6.jpg', 'https://ananas.vn/wp-content/uploads/pro_A61093_3.jpg', 'https://ananas.vn/wp-content/uploads/pro_A61093_2.jpg', 'https://ananas.vn/wp-content/uploads/pro_A61093_8.jpg', 'https://ananas.vn/wp-content/uploads/pro_A61093_9.jpg', 'https://ananas.vn/wp-content/uploads/pro_A61093_5.jpg', 'https://ananas.vn/wp-content/uploads/pro_A61093_4.jpg', 'https://ananas.vn/wp-content/uploads/pro_A61093_7.jpg', 'https://ananas.vn/wp-content/uploads/pro_A61093_1_1.jpg']",2022-08-02 15:41:04.152124,,,,,,,
Ananas,12,https://ananas.vn/,https://ananas.vn/product-detail/a61105/,Urbas Irrelevant - Low Top - Antarctica/Red Orange,430.000 VND,"['https://ananas.vn/wp-content/uploads/pro_A61105_1.jpg', 'https://ananas.vn/wp-content/uploads/pro_A61105_3.jpg', 'https://ananas.vn/wp-content/uploads/pro_A61105_5.jpg', 'https://ananas.vn/wp-content/uploads/pro_A61105_2.jpg', 'https://ananas.vn/wp-content/uploads/pro_A61105_4.jpg']",2022-08-02 15:41:05.141394,,,,,,,
Ananas,12,https://ananas.vn/,https://ananas.vn/product-detail/alb008/,Blank Shoelaces - Black,35.000 VND,"['https://ananas.vn/wp-content/uploads/pro_ALB008_3.jpg', 'https://ananas.vn/wp-content/uploads/pro_ALB008_1.jpg', 'https://ananas.vn/wp-content/uploads/pro_ALB008_2.jpg']",2022-08-02 15:41:05.868260,,,,,,,
Ananas,12,https://ananas.vn/,https://ananas.vn/product-detail/asw0011/,Ananas Typo Sweatshirt - White,480.000 VND,"['https://ananas.vn/wp-content/uploads/pro_sweater_ASW0011_4.jpg', 'https://ananas.vn/wp-content/uploads/pro_sweater_ASW0011_2.jpg', 'https://ananas.vn/wp-content/uploads/pro_sweater_ASW0011_3.jpg', 'https://ananas.vn/wp-content/uploads/pro_sweater_ASW0011_6.jpg', 'https://ananas.vn/wp-content/uploads/pro_sweater_ASW0011_5.jpg', 'https://ananas.vn/wp-content/uploads/pro_sweater_ASW0011_1.jpg']",2022-08-02 15:41:06.371137,,,,,,,
Ananas,12,https://ananas.vn/,https://ananas.vn/product-detail/a61070/,Basas Bumper Gum - Low Top - Black/Gum,350.000 VND,"['https://ananas.vn/wp-content/uploads/pro_basas_A61070_4.jpg', 'https://ananas.vn/wp-content/uploads/pro_basas_A61070_3.jpg', 'https://ananas.vn/wp-content/uploads/pro_basas_A61070_5.jpg', 'https://ananas.vn/wp-content/uploads/pro_basas_A61070_2.jpg', 'https://ananas.vn/wp-content/uploads/pro_basas_A61070_1.jpg']",2022-08-02 15:41:07.274281,,,,,,,
Ananas,12,https://ananas.vn/,https://ananas.vn/product-detail/av00065/,Basas Bumper Gum NE - Low Top - Black/Gum,520.000 VND,"['https://ananas.vn/wp-content/uploads/Pro_AV00065_4.jpg', 'https://ananas.vn/wp-content/uploads/Pro_AV00065_5.jpg', 'https://ananas.vn/wp-content/uploads/Pro_AV00065_2.jpg', 'https://ananas.vn/wp-content/uploads/Pro_AV00065_1.jpg', 'https://ananas.vn/wp-content/uploads/pro_AV00065_6.jpg', 'https://ananas.vn/wp-content/uploads/pro_AV00065_7.jpg', 'https://ananas.vn/wp-content/uploads/Pro_AV00065_3.jpg']",2022-08-02 15:41:08.138253,,,,,,,
Ananas,12,https://ananas.vn/,https://ananas.vn/product-detail/av00010/,Basas Hook N'Loop NE - Mule - White,520.000 VND,"['https://ananas.vn/wp-content/uploads/pro_AV00010_1.jpg', 'https://ananas.vn/wp-content/uploads/pro_AV00010_2.jpg', 'https://ananas.vn/wp-content/uploads/pro_AV00010_4.jpg', 'https://ananas.vn/wp-content/uploads/pro_AV00010_6.jpg', 'https://ananas.vn/wp-content/uploads/pro_AV00010_5.jpg', 'https://ananas.vn/wp-content/uploads/pro_AV00010_3.jpg']",2022-08-02 15:41:10.019865,,,,,,,
Ananas,12,https://ananas.vn/,https://ananas.vn/product-detail/av00012/,Basas Bumper Gum NE - Mule - Offwhite/Gum,520.000 VND,"['https://ananas.vn/wp-content/uploads/pro_AV00012_4.jpg', 'https://ananas.vn/wp-content/uploads/pro_AV00012_1.jpg', 'https://ananas.vn/wp-content/uploads/pro_AV00012_2.jpg', 'https://ananas.vn/wp-content/uploads/pro_AV00012_3.jpg', 'https://ananas.vn/wp-content/uploads/pro_AV00012_6.jpg', 'https://ananas.vn/wp-content/uploads/pro_AV00012_5.jpg']",2022-08-02 15:41:11.086328,,,,,,,
Ananas,12,https://ananas.vn/,https://ananas.vn/product-detail/aho0007/,Ananas Typo Logo Hoodie - Black,500.000 VND,"['https://ananas.vn/wp-content/uploads/pro_hoodie_AHO0007_5.jpg', 'https://ananas.vn/wp-content/uploads/pro_hoodie_AHO0007_6.jpg', 'https://ananas.vn/wp-content/uploads/pro_hoodie_AHO0007_7.jpg', 'https://ananas.vn/wp-content/uploads/pro_hoodie_AHO0007_3.jpg', 'https://ananas.vn/wp-content/uploads/pro_hoodie_AHO0007_4.jpg', 'https://ananas.vn/wp-content/uploads/pro_hoodie_AHO0007_2.jpg', 'https://ananas.vn/wp-content/uploads/pro_hoodie_AHO0007_1.jpg']",2022-08-02 15:41:11.606140,,,,,,,
Ananas,12,https://ananas.vn/,https://ananas.vn/product-detail/aas003/,Anklet Socks - Ananas Typo - Mimosa,85.000 VND,"['https://ananas.vn/wp-content/uploads/bs01583-1.jpg', 'https://ananas.vn/wp-content/uploads/bs01070-1.jpg', 'https://ananas.vn/wp-content/uploads/pro_sock_AAS003_1.jpg', 'https://ananas.vn/wp-content/uploads/pro_sock_AAS003_2.jpg']",2022-08-02 15:41:12.654675,,,,,,,
Ananas,12,https://ananas.vn/,https://ananas.vn/product-detail/abt00010/,Basic Tee - Ananas Cropped Symbol - Old Gold,269.000 VND,"['https://ananas.vn/wp-content/uploads/pro_basictee_ABT00011_1.jpg', 'https://ananas.vn/wp-content/uploads/pro_basictee_ABT00011_2.jpg']",2022-08-02 15:41:13.125241,,,,,,,
Ananas,12,https://ananas.vn/,https://ananas.vn/product-detail/agt0006/,Hiphop Graphic Tee - Outline Typo - Black,350.000 VND,"['https://ananas.vn/wp-content/uploads/AGT0006_3.jpg', 'https://ananas.vn/wp-content/uploads/AGT0006_5.jpg', 'https://ananas.vn/wp-content/uploads/AGT0006_4.jpg', 'https://ananas.vn/wp-content/uploads/AGt0006_2.jpg']",2022-08-02 15:41:13.582316,,,,,,,
Ananas,12,https://ananas.vn/,https://ananas.vn/product-detail/av00128/,Urbas Retrospective - Low Top - Popular Blue,650.000 VND,"['https://ananas.vn/wp-content/uploads/Pro_AV00128_1.jpeg', 'https://ananas.vn/wp-content/uploads/Pro_AV00128_2.jpeg', 'https://ananas.vn/wp-content/uploads/Pro_AV00128_4.jpeg', 'https://ananas.vn/wp-content/uploads/Pro_AV00128_6.jpeg', 'https://ananas.vn/wp-content/uploads/Pro_AV00128_3.jpeg', 'https://ananas.vn/wp-content/uploads/Pro_AV00128_5.jpeg']",2022-08-02 15:41:14.508043,,,,,,,
Ananas,12,https://ananas.vn/,https://ananas.vn/product-detail/a61000/,Basas New Simple Life - Low Top - Black,320.000 VND,"['https://ananas.vn/wp-content/uploads/stu_basas_A61000_3.jpg', 'https://ananas.vn/wp-content/uploads/stu_basas_A61000_2.jpg', 'https://ananas.vn/wp-content/uploads/stu_basas_A61000_5.jpg', 'https://ananas.vn/wp-content/uploads/stu_basas_A61000_1.jpg', 'https://ananas.vn/wp-content/uploads/stu_basas_A61000_4.jpg']",2022-08-02 15:41:15.756047,,,,,,,
Ananas,12,https://ananas.vn/,https://ananas.vn/product-detail/av00003/,Basas Simple Life NE -  Mule - Black,490.000 VND,"['https://ananas.vn/wp-content/uploads/pro_AV00003_6.jpg', 'https://ananas.vn/wp-content/uploads/pro_AV00003_2.jpg', 'https://ananas.vn/wp-content/uploads/pro_AV00003_4.jpg', 'https://ananas.vn/wp-content/uploads/pro_AV00003_1.jpg', 'https://ananas.vn/wp-content/uploads/pro_AV00003_3.jpg', 'https://ananas.vn/wp-content/uploads/pro_AV00003_5.jpg']",2022-08-02 15:41:16.750026,,,,,,,
Ananas,12,https://ananas.vn/,https://ananas.vn/product-detail/a61043/,Vintas The New Military - High Top - Capulet Olive,350.000 VND,"['https://ananas.vn/wp-content/uploads/pro_vintas_A61043_4.jpg', 'https://ananas.vn/wp-content/uploads/pro_vintas_A61043_2.jpg', 'https://ananas.vn/wp-content/uploads/pro_vintas_A61043_5.jpg', 'https://ananas.vn/wp-content/uploads/pro_vintas_A61043_3.jpg', 'https://ananas.vn/wp-content/uploads/pro_vintas_A61043_1.jpg']",2022-08-02 15:41:17.674880,,,,,,,
Ananas,12,https://ananas.vn/,https://ananas.vn/product-detail/abh002/,Bucket Hat - Go Skate - Beige,285.000 VND,"['https://ananas.vn/wp-content/uploads/pro_ABH002_3.jpg', 'https://ananas.vn/wp-content/uploads/pro_ABH002_2.jpg', 'https://ananas.vn/wp-content/uploads/pro_ABH002_4.jpg', 'https://ananas.vn/wp-content/uploads/pro_ABH002_1-2.jpg']",2022-08-02 15:41:18.365324,,,,,,,
Ananas,12,https://ananas.vn/,https://ananas.vn/product-detail/acs021/,Crew Socks - Let It Be - Snow White,95.000 VND,"['https://ananas.vn/wp-content/uploads/ACS021_2.jpg', 'https://ananas.vn/wp-content/uploads/ACS021_1.jpg']",2022-08-02 15:41:19.085299,,,,,,,
Ananas,12,https://ananas.vn/,https://ananas.vn/product-detail/abh003/,Bucket Hat - Ananas Typo Box - Brown,285.000 VND,"['https://ananas.vn/wp-content/uploads/pro_ABH003_4.jpg', 'https://ananas.vn/wp-content/uploads/pro_ABH003_3.jpg', 'https://ananas.vn/wp-content/uploads/pro_ABH003_2.jpg', 'https://ananas.vn/wp-content/uploads/pro_ABH003_1-1.jpg']",2022-08-02 15:41:19.839373,,,,,,,
Ananas,12,https://ananas.vn/,https://ananas.vn/product-detail/a61073/,Basas Bumper Gum - Low Top - Offwhite/Gum,350.000 VND,"['https://ananas.vn/wp-content/uploads/pro_basas_A61073_4.jpg', 'https://ananas.vn/wp-content/uploads/pro_basas_A61073_3.jpg', 'https://ananas.vn/wp-content/uploads/pro_basas_A61073_2.jpg', 'https://ananas.vn/wp-content/uploads/pro_basas_A61073_5.jpg', 'https://ananas.vn/wp-content/uploads/pro_basas_A61073_1.jpg']",2022-08-02 15:41:20.781464,,,,,,,
Ananas,12,https://ananas.vn/,https://ananas.vn/product-detail/a61098/,Basas Bumper Gum EXT - Low Top - Black/Gum,410.000 VND,"['https://ananas.vn/wp-content/uploads/pro_A61098_5.jpg', 'https://ananas.vn/wp-content/uploads/pro_A61098_8.jpg', 'https://ananas.vn/wp-content/uploads/pro_A61098_9.jpg', 'https://ananas.vn/wp-content/uploads/pro_A61098_7.jpg', 'https://ananas.vn/wp-content/uploads/pro_A61098_4.jpg', 'https://ananas.vn/wp-content/uploads/pro_A61098_6.jpg', 'https://ananas.vn/wp-content/uploads/pro_A61098_3.jpg', 'https://ananas.vn/wp-content/uploads/pro_A61098_1.jpg', 'https://ananas.vn/wp-content/uploads/pro_A61098_2.jpg']",2022-08-02 15:41:21.752756,,,,,,,
Ananas,12,https://ananas.vn/,https://ananas.vn/product-detail/av00125/,Urbas Ruler - Low Top - Icelandic Blue,590.000 VND,"['https://ananas.vn/wp-content/uploads/Pro_AV00125_3.jpeg', 'https://ananas.vn/wp-content/uploads/Pro_AV00125_6.jpeg', 'https://ananas.vn/wp-content/uploads/Pro_AV00125_2.jpeg', 'https://ananas.vn/wp-content/uploads/Pro_AV00125_7.jpeg', 'https://ananas.vn/wp-content/uploads/Pro_AV00125_4..jpg', 'https://ananas.vn/wp-content/uploads/Pro_AV00125_8.jpeg', 'https://ananas.vn/wp-content/uploads/Pro_AV00125_5.jpeg', 'https://ananas.vn/wp-content/uploads/Pro_AV00125_1.jpeg']",2022-08-02 15:41:22.756444,,,,,,,
Ananas,12,https://ananas.vn/,https://ananas.vn/product-detail/a61033/,Vintas Earth - Low Top - Dark Olive,450.000 VND,"['https://ananas.vn/wp-content/uploads/pro_vintas_A61033_2.jpg', 'https://ananas.vn/wp-content/uploads/pro_vintas_A61033_3.jpg', 'https://ananas.vn/wp-content/uploads/pro_vintas_A61033_1.jpg', 'https://ananas.vn/wp-content/uploads/pro_vintas_A61033_4.jpg', 'https://ananas.vn/wp-content/uploads/pro_vintas_A61033_5.jpg']",2022-08-02 15:41:23.713936,,,,,,,
Ananas,12,https://ananas.vn/,https://ananas.vn/product-detail/a61088/,Urbas Pineapple Or Ananas - Low Top - Pineapple Poker,350.000 VND,"['https://ananas.vn/wp-content/uploads/pro_A61088_3.jpg', 'https://ananas.vn/wp-content/uploads/pro_A61088_4.jpg', 'https://ananas.vn/wp-content/uploads/pro_A61088_2.jpg', 'https://ananas.vn/wp-content/uploads/pro_A61088_1.jpg', 'https://ananas.vn/wp-content/uploads/pro_A61088_5.jpg']",2022-08-02 15:41:24.530696,,,,,,,
Ananas,12,https://ananas.vn/,https://ananas.vn/product-detail/a61076/,Basas Mono Black - High Top - All Black,350.000 VND,"['https://ananas.vn/wp-content/uploads/pro_basas_A61076_4.jpg', 'https://ananas.vn/wp-content/uploads/pro_basas_A61076_1.jpg', 'https://ananas.vn/wp-content/uploads/pro_basas_A61076_5.jpg', 'https://ananas.vn/wp-content/uploads/pro_basas_A61076_2.jpg', 'https://ananas.vn/wp-content/uploads/pro_basas_A61076_3.jpg']",2022-08-02 15:41:25.591324,,,,,,,
Ananas,12,https://ananas.vn/,https://ananas.vn/product-detail/abp001/,Basic Backpack - Ananas Typo Logo - Black,480.000 VND,"['https://ananas.vn/wp-content/uploads/ABP001_7.jpg', 'https://ananas.vn/wp-content/uploads/pro_ABP001_3.jpg', 'https://ananas.vn/wp-content/uploads/ABP001_5.jpg', 'https://ananas.vn/wp-content/uploads/ABP001_6.jpg', 'https://ananas.vn/wp-content/uploads/pro_ABP001_2.jpg', 'https://ananas.vn/wp-content/uploads/ABP001_10-1.jpg', 'https://ananas.vn/wp-content/uploads/ABP001_4.jpg', 'https://ananas.vn/wp-content/uploads/pro_ABP001_1.jpg']",2022-08-02 15:41:27.227618,,,,,,,
Ananas,12,https://ananas.vn/,https://ananas.vn/product-detail/ans003/,Invisible Socks Pack - Ananas Typo - Grey,95.000 VND,"['https://ananas.vn/wp-content/uploads/Detail_2.jpg', 'https://ananas.vn/wp-content/uploads/pro_ANS003_1.jpg']",2022-08-02 15:41:27.871091,,,,,,,
Ananas,12,https://ananas.vn/,https://ananas.vn/product-detail/a61051/,Urbas The Gang - Low Top - Ceramic Black,450.000 VND,"['https://ananas.vn/wp-content/uploads/pro_urbas_A61051_2-1.jpg', 'https://ananas.vn/wp-content/uploads/pro_urbas_A61051_3.jpg', 'https://ananas.vn/wp-content/uploads/pro_urbas_A61051_1-1.jpg', 'https://ananas.vn/wp-content/uploads/pro_urbas_A61051_5.jpg', 'https://ananas.vn/wp-content/uploads/pro_urbas_A61051_4.jpg']",2022-08-02 15:41:28.984929,,,,,,,
Ananas,12,https://ananas.vn/,https://ananas.vn/product-detail/agt0005/,Hiphop Graphic Tee - Stylized Typo - White,350.000 VND,"['https://ananas.vn/wp-content/uploads/AGT0005_4.jpg', 'https://ananas.vn/wp-content/uploads/AGT0005_3.jpg', 'https://ananas.vn/wp-content/uploads/AGT0005_2.jpg']",2022-08-02 15:41:29.557612,,,,,,,
Ananas,12,https://ananas.vn/,https://ananas.vn/product-detail/av00131/,Urbas Retrospective - Mid Top - Yellow Submarine,720.000 VND,"['https://ananas.vn/wp-content/uploads/Pro_AV00131_2.jpeg', 'https://ananas.vn/wp-content/uploads/Pro_AV00131_6.jpeg', 'https://ananas.vn/wp-content/uploads/Pro_AV00131_8.jpeg', 'https://ananas.vn/wp-content/uploads/Pro_AV00131_10.jpeg', 'https://ananas.vn/wp-content/uploads/Pro_AV00131_4.jpeg', 'https://ananas.vn/wp-content/uploads/Pro_AV00131_9.jpeg', 'https://ananas.vn/wp-content/uploads/Pro_AV00131_5.jpeg', 'https://ananas.vn/wp-content/uploads/Pro_AV00131_3.jpeg', 'https://ananas.vn/wp-content/uploads/Pro_AV00131_7.jpeg', 'https://ananas.vn/wp-content/uploads/Pro_AV00131_1.jpeg']",2022-08-02 15:41:30.541908,,,,,,,
Ananas,12,https://ananas.vn/,https://ananas.vn/product-detail/av00071/,Basas Bumper Gum NE - Low Top - Offwhite/Gum,520.000 VND,"['https://ananas.vn/wp-content/uploads/Pro_AV00071_4.jpg', 'https://ananas.vn/wp-content/uploads/Pro_AV00071_2.jpg', 'https://ananas.vn/wp-content/uploads/pro_AV00071_6.jpg', 'https://ananas.vn/wp-content/uploads/Pro_AV00071_5.jpg', 'https://ananas.vn/wp-content/uploads/Pro_AV00071_1.jpg', 'https://ananas.vn/wp-content/uploads/Pro_AV00071_3.jpg']",2022-08-02 15:41:31.494942,,,,,,,
Ananas,12,https://ananas.vn/,https://ananas.vn/product-detail/a61006/,Basas Mono - Low Top - Taos Taupe,320.000 VND,"['https://ananas.vn/wp-content/uploads/stu_basas_A61006_5.jpg', 'https://ananas.vn/wp-content/uploads/stu_basas_A61006_3.jpg', 'https://ananas.vn/wp-content/uploads/stu_basas_A61006_1.jpg', 'https://ananas.vn/wp-content/uploads/stu_basas_A61006_4.jpg', 'https://ananas.vn/wp-content/uploads/stu_basas_A61006_2.jpg']",2022-08-02 15:41:33.266794,,,,,,,
Ananas,12,https://ananas.vn/,https://ananas.vn/product-detail/av00009/,Basas Bumper Gum NE - Mule - Black/Gum,520.000 VND,"['https://ananas.vn/wp-content/uploads/pro_AV00009_4.jpg', 'https://ananas.vn/wp-content/uploads/pro_AV00009_1.jpg', 'https://ananas.vn/wp-content/uploads/pro_AV00009_5.jpg', 'https://ananas.vn/wp-content/uploads/pro_AV00009_3.jpg', 'https://ananas.vn/wp-content/uploads/pro_AV00009_6.jpg', 'https://ananas.vn/wp-content/uploads/pro_AV00009_2.jpg']",2022-08-02 15:41:34.130123,,,,,,,
Ananas,12,https://ananas.vn/,https://ananas.vn/product-detail/a61099/,Basas Bumper Gum EXT - High Top - Black/Gum,450.000 VND,"['https://ananas.vn/wp-content/uploads/pro_A61099_6.jpg', 'https://ananas.vn/wp-content/uploads/pro_A61099_7.jpg', 'https://ananas.vn/wp-content/uploads/pro_A61099_9.jpg', 'https://ananas.vn/wp-content/uploads/pro_A61099_5-1.jpg', 'https://ananas.vn/wp-content/uploads/pro_A61099_8.jpg', 'https://ananas.vn/wp-content/uploads/pro_A61099_2.jpg', 'https://ananas.vn/wp-content/uploads/pro_A61099_1.jpg', 'https://ananas.vn/wp-content/uploads/pro_A61099_3.jpg', 'https://ananas.vn/wp-content/uploads/pro_A61099_4.jpg']",2022-08-02 15:41:35.259225,,,,,,,
Ananas,12,https://ananas.vn/,https://ananas.vn/product-detail/abc004/,Baseball Cap - Be Positive - Black,275.000 VND,"['https://ananas.vn/wp-content/uploads/resize_6.jpg', 'https://ananas.vn/wp-content/uploads/pro_ABC004_2.jpg', 'https://ananas.vn/wp-content/uploads/baseball-cap_onweb_6.jpg', 'https://ananas.vn/wp-content/uploads/baseball-cap_onweb_4.jpg', 'https://ananas.vn/wp-content/uploads/pro_ABC004_1.jpg']",2022-08-02 15:41:36.053303,,,,,,,
Ananas,12,https://ananas.vn/,https://ananas.vn/product-detail/av00118/,Vintas Flannel - High Top - Cement,720.000 VND,"['https://ananas.vn/wp-content/uploads/pro_AV00118_2.jpg', 'https://ananas.vn/wp-content/uploads/pro_AV00118_4.jpg', 'https://ananas.vn/wp-content/uploads/pro_AV00118_8.jpg', 'https://ananas.vn/wp-content/uploads/pro_AV00118_5.jpg', 'https://ananas.vn/wp-content/uploads/pro_AV00118_1.jpg', 'https://ananas.vn/wp-content/uploads/pro_AV00118_7.jpg', 'https://ananas.vn/wp-content/uploads/pro_AV00118_6.jpg', 'https://ananas.vn/wp-content/uploads/pro_AV00118_3.jpg']",2022-08-02 15:41:37.046304,,,,,,,
Ananas,12,https://ananas.vn/,https://ananas.vn/product-detail/acs007/,Crew Socks - Ananas Typo - White/Yellow,95.000 VND,"['https://ananas.vn/wp-content/uploads/ACS007_2.jpg', 'https://ananas.vn/wp-content/uploads/ACS007_1.jpg']",2022-08-02 15:41:37.737906,,,,,,,
Ananas,12,https://ananas.vn/,https://ananas.vn/product-detail/a61086/,Urbas Pineapple Or Ananas - Low Top - Pineapple Peel,350.000 VND,"['https://ananas.vn/wp-content/uploads/pro_A61086_5.jpg', 'https://ananas.vn/wp-content/uploads/pro_A61086_4.jpg', 'https://ananas.vn/wp-content/uploads/pro_A61086_2.jpg', 'https://ananas.vn/wp-content/uploads/pro_A61086_1.jpg', 'https://ananas.vn/wp-content/uploads/pro_A61086_3.jpg']",2022-08-02 15:41:38.852932,,,,,,,
Ananas,12,https://ananas.vn/,https://ananas.vn/product-detail/agt0007/,Hiphop Graphic Tee - Outline Typo - White,350.000 VND,"['https://ananas.vn/wp-content/uploads/AGT0007_1.jpg', 'https://ananas.vn/wp-content/uploads/AGT0007_3.jpg', 'https://ananas.vn/wp-content/uploads/AGT0007_5.jpg', 'https://ananas.vn/wp-content/uploads/AGT0007_4.jpg', 'https://ananas.vn/wp-content/uploads/AGT0007_2.jpg']",2022-08-02 15:41:39.355224,,,,,,,
Ananas,12,https://ananas.vn/,https://ananas.vn/product-detail/a61102/,Urbas Unsettling - Low Top - Starlight/Lavender,390.000 VND,"['https://ananas.vn/wp-content/uploads/pro_A61102_4.jpg', 'https://ananas.vn/wp-content/uploads/pro_A61102_2.jpg', 'https://ananas.vn/wp-content/uploads/pro_A61102_3.jpg', 'https://ananas.vn/wp-content/uploads/pro_A61102_5.jpg', 'https://ananas.vn/wp-content/uploads/pro_A61102_1.jpg']",2022-08-02 15:41:40.153747,,,,,,,
Ananas,12,https://ananas.vn/,https://ananas.vn/product-detail/av00008/,Basas Bumper Gum NE - Low Top - Offwhite/Gum,520.000 VND,"['https://ananas.vn/wp-content/uploads/pro_AV00008_7.jpg', 'https://ananas.vn/wp-content/uploads/Pro_AV00008_4.jpg', 'https://ananas.vn/wp-content/uploads/Pro_AV00008_1.jpg', 'https://ananas.vn/wp-content/uploads/Pro_AV00008_3.jpg', 'https://ananas.vn/wp-content/uploads/pro_AV00008_6.jpg', 'https://ananas.vn/wp-content/uploads/Pro_AV00008_2.jpg', 'https://ananas.vn/wp-content/uploads/Pro_AV00008_5.jpg']",2022-08-02 15:41:41.157269,,,,,,,
Ananas,12,https://ananas.vn/,https://ananas.vn/product-detail/abc103/,Baseball Cap - Ananas Symbol - Black,250.000 VND,"['https://ananas.vn/wp-content/uploads/pro_ABC103_2.jpg', 'https://ananas.vn/wp-content/uploads/resize_4.jpg', 'https://ananas.vn/wp-content/uploads/baseball-cap_onweb_4.jpg', 'https://ananas.vn/wp-content/uploads/pro_ABC103_1.jpg']",2022-08-02 15:41:41.959272,,,,,,,
Ananas,12,https://ananas.vn/,https://ananas.vn/product-detail/abc003/,Baseball Cap - Live In The Moment - Black,250.000 VND,"['https://ananas.vn/wp-content/uploads/baseball-cap_onweb_6.jpg', 'https://ananas.vn/wp-content/uploads/pro_ABC003_2.jpg', 'https://ananas.vn/wp-content/uploads/baseball-cap_onweb_5.jpg', 'https://ananas.vn/wp-content/uploads/baseball-cap_onweb_4.jpg', 'https://ananas.vn/wp-content/uploads/pro_ABC003_1.jpg']",2022-08-02 15:41:42.632696,,,,,,,
Ananas,12,https://ananas.vn/,https://ananas.vn/product-detail/agt0001/,Hiphop Graphic Tee - Discover Ananas - White,365.000 VND,"['https://ananas.vn/wp-content/uploads/pro_AGT0001_4.jpg', 'https://ananas.vn/wp-content/uploads/AGT0001_1.jpg', 'https://ananas.vn/wp-content/uploads/pro_AGT0001_5.jpg', 'https://ananas.vn/wp-content/uploads/AGT0001_2.jpg', 'https://ananas.vn/wp-content/uploads/pro_AGT0001_3.jpg']",2022-08-02 15:41:43.180845,,,,,,,
Ananas,12,https://ananas.vn/,https://ananas.vn/product-detail/av00105/,Urbas Irrelevant NE - Low Top - Antarctica/Red Orange,650.000 VND,"['https://ananas.vn/wp-content/uploads/pro_AV00105_4.jpg', 'https://ananas.vn/wp-content/uploads/pro_AV00105_1-1.jpg', 'https://ananas.vn/wp-content/uploads/pro_AV00105_5.jpg', 'https://ananas.vn/wp-content/uploads/pro_AV00105_3.jpg', 'https://ananas.vn/wp-content/uploads/pro_AV00105_2.jpg']",2022-08-02 15:41:44.138193,,,,,,,
Ananas,12,https://ananas.vn/,https://ananas.vn/product-detail/ans001-2/,Invisible Socks Pack - Ananas Typo - Black,95.000 VND,"['https://ananas.vn/wp-content/uploads/Detail_2.jpg', 'https://ananas.vn/wp-content/uploads/pro_ANS001_1.jpg']",2022-08-02 15:41:44.828473,,,,,,,
Ananas,12,https://ananas.vn/,https://ananas.vn/product-detail/ans026/,Invisible Socks Pack - DiscoverYou - 3 Colors,95.000 VND,"['https://ananas.vn/wp-content/uploads/pro_ANS026_1.jpg', 'https://ananas.vn/wp-content/uploads/Detail_1.jpg']",2022-08-02 15:41:45.548099,,,,,,,
Ananas,12,https://ananas.vn/,https://ananas.vn/product-detail/av00020/,Basas Bumper Gum NE - High Top - Offwhite/Gum,580.000 VND,"['https://ananas.vn/wp-content/uploads/Pro_AV00020_3.jpg', 'https://ananas.vn/wp-content/uploads/Pro_AV00020_2.jpg', 'https://ananas.vn/wp-content/uploads/Pro_AV00020_5.jpg', 'https://ananas.vn/wp-content/uploads/Pro_AV00020_4.jpg', 'https://ananas.vn/wp-content/uploads/pro_AV00020_7.jpg', 'https://ananas.vn/wp-content/uploads/Pro_AV00020_1.jpg', 'https://ananas.vn/wp-content/uploads/pro_AV00020_6.jpg']",2022-08-02 15:41:46.318140,,,,,,,
Ananas,12,https://ananas.vn/,https://ananas.vn/product-detail/av00001/,Basas Mono Black NE -  Low Top - All Black,490.000 VND,"['https://ananas.vn/wp-content/uploads/Pro_AV00001_2.jpg', 'https://ananas.vn/wp-content/uploads/Pro_AV00001_1.jpg', 'https://ananas.vn/wp-content/uploads/pro_AV00001_7.jpg', 'https://ananas.vn/wp-content/uploads/Pro_AV00001_4.jpg', 'https://ananas.vn/wp-content/uploads/pro_AV00001_6.jpg', 'https://ananas.vn/wp-content/uploads/Pro_AV00001_5.jpg', 'https://ananas.vn/wp-content/uploads/Pro_AV00001_3.jpg']",2022-08-02 15:41:47.259173,,,,,,,
Ananas,12,https://ananas.vn/,https://ananas.vn/product-detail/a61112/,Ananas X Doraemon 50 Years Pattas - White/Sunrise 50th,950.000 VND,"['https://ananas.vn/wp-content/uploads/pro_A61112_2.jpg', 'https://ananas.vn/wp-content/uploads/pro_A61112_8.jpg', 'https://ananas.vn/wp-content/uploads/pro_A61112_10.jpg', 'https://ananas.vn/wp-content/uploads/pro_A61112_11.jpg', 'https://ananas.vn/wp-content/uploads/pro_A61112_3.jpg', 'https://ananas.vn/wp-content/uploads/pro_A61112_1.jpg', 'https://ananas.vn/wp-content/uploads/pro_A61112_4.jpg', 'https://ananas.vn/wp-content/uploads/pro_A61112_5.jpg', 'https://ananas.vn/wp-content/uploads/pro_A61112_9.jpg', 'https://ananas.vn/wp-content/uploads/pro_A61112_6.jpg']",2022-08-02 15:41:48.295046,,,,,,,
Ananas,12,https://ananas.vn/,https://ananas.vn/product-detail/a6t001/,Track 6 OG - Low Top - 70s White,990.000 VND,"['https://ananas.vn/wp-content/uploads/pro_track6_A6T001_9.jpg', 'https://ananas.vn/wp-content/uploads/pro_track6_A6T001_5.jpg', 'https://ananas.vn/wp-content/uploads/pro_track6_A6T001_10.jpg', 'https://ananas.vn/wp-content/uploads/pro_track6_A6T001_4.jpg', 'https://ananas.vn/wp-content/uploads/pro_track6_A6T001_7.jpg', 'https://ananas.vn/wp-content/uploads/pro_track6_A6T001_1.jpg', 'https://ananas.vn/wp-content/uploads/pro_track6_A6T001_2.jpg', 'https://ananas.vn/wp-content/uploads/pro_track6_A6T001_3.jpg', 'https://ananas.vn/wp-content/uploads/pro_track6_A6T001_8.jpg']",2022-08-02 15:41:49.140473,,,,,,,
Ananas,12,https://ananas.vn/,https://ananas.vn/product-detail/a61087/,Urbas Pineapple Or Ananas - Low Top - Pineapple Leaves,350.000 VND,"['https://ananas.vn/wp-content/uploads/pro_A61087_4.jpg', 'https://ananas.vn/wp-content/uploads/pro_A61087_5.jpg', 'https://ananas.vn/wp-content/uploads/pro_A61087_1.jpg', 'https://ananas.vn/wp-content/uploads/pro_A61087_3.jpg', 'https://ananas.vn/wp-content/uploads/pro_A61087_2.jpg']",2022-08-02 15:41:50.082393,,,,,,,
Ananas,12,https://ananas.vn/,https://ananas.vn/product-detail/a61056/,Urbas Inversion - Low Top - Navy Citrus,420.000 VND,"['https://ananas.vn/wp-content/uploads/pro_urbas_A61056_2.jpg', 'https://ananas.vn/wp-content/uploads/pro_urbas_A61056_5.jpg', 'https://ananas.vn/wp-content/uploads/pro_urbas_A61056_1.jpg', 'https://ananas.vn/wp-content/uploads/pro_urbas_A61056_3.jpg', 'https://ananas.vn/wp-content/uploads/pro_urbas_A61056_4.jpg']",2022-08-02 15:41:51.196575,,,,,,,
Ananas,12,https://ananas.vn/,https://ananas.vn/product-detail/a61100/,Vintas Bleached Sand - Low Top - Roasted Sand,430.000 VND,"['https://ananas.vn/wp-content/uploads/pro_A61100_2.jpg', 'https://ananas.vn/wp-content/uploads/pro_A61100_4.jpg', 'https://ananas.vn/wp-content/uploads/pro_A61100_3.jpg', 'https://ananas.vn/wp-content/uploads/pro_A61100_1.jpg', 'https://ananas.vn/wp-content/uploads/pro_A61100_5.jpg']",2022-08-02 15:41:52.154872,,,,,,,
Ananas,12,https://ananas.vn/,https://ananas.vn/product-detail/abc010/,Baseball Cap - Go Bananas - Washed Black/Tan,295.000 VND,"['https://ananas.vn/wp-content/uploads/pro_ABC010_2.jpg', 'https://ananas.vn/wp-content/uploads/pro_ABC010_3-1.jpg', 'https://ananas.vn/wp-content/uploads/pro_ABC010_2-1.jpg', 'https://ananas.vn/wp-content/uploads/pro_ABC010_3.jpg', 'https://ananas.vn/wp-content/uploads/pro_ABC010_1.jpg', 'https://ananas.vn/wp-content/uploads/pro_ABC010_4.jpg', 'https://ananas.vn/wp-content/uploads/pro_ABC010_1-1.jpg']",2022-08-02 15:41:52.952459,,,,,,,
Ananas,12,https://ananas.vn/,https://ananas.vn/product-detail/a61037/,Vintas Mister - Low Top - Jet Pirate,350.000 VND,"['https://ananas.vn/wp-content/uploads/pro_vintas_A61037_2.jpg', 'https://ananas.vn/wp-content/uploads/pro_vintas_A61037_3.jpg', 'https://ananas.vn/wp-content/uploads/pro_vintas_A61037_1.jpg', 'https://ananas.vn/wp-content/uploads/pro_vintas_A61037_5.jpg', 'https://ananas.vn/wp-content/uploads/pro_vintas_A61037_4.jpg']",2022-08-02 15:41:53.878605,,,,,,,
Ananas,12,https://ananas.vn/,https://ananas.vn/product-detail/ahcs001/,High Crew Socks - Flip Flap - Magenta-Snorkel Blue,105.000 VND,['https://ananas.vn/wp-content/uploads/pro_sock_AHCS001_1.jpg'],2022-08-02 15:41:54.583059,,,,,,,
Ananas,12,https://ananas.vn/,https://ananas.vn/product-detail/a61110/,Vintas Temperate - Low Top - Dusty Olive,560.000 VND,"['https://ananas.vn/wp-content/uploads/pro_A61110_4.jpg', 'https://ananas.vn/wp-content/uploads/pro_A61110_2.jpg', 'https://ananas.vn/wp-content/uploads/pro_A61110_3.jpg', 'https://ananas.vn/wp-content/uploads/pro_A61110_5.jpg', 'https://ananas.vn/wp-content/uploads/pro_A61110_1.jpg']",2022-08-02 15:41:55.540451,,,,,,,
Ananas,12,https://ananas.vn/,https://ananas.vn/product-detail/agt0019/,Graphic Tee - The Last Album Of The Beatles - White Yolk,365.000 VND,"['https://ananas.vn/wp-content/uploads/pro_AGT0019_2.jpg', 'https://ananas.vn/wp-content/uploads/pro_AGT0019_3.jpg', 'https://ananas.vn/wp-content/uploads/pro_AGT0019_1.jpg', 'https://ananas.vn/wp-content/uploads/pro_AGT0019_4.jpg', 'https://ananas.vn/wp-content/uploads/pro_AGT0019_5.jpg', 'https://ananas.vn/wp-content/uploads/pro_AGT0019_6.jpg']",2022-08-02 15:41:56.010449,,,,,,,
Ananas,12,https://ananas.vn/,https://ananas.vn/product-detail/av00120/,Vintas Monoguso - Low Top - Moonbeam/Blue,720.000 VND,"['https://ananas.vn/wp-content/uploads/Pro_AV00120_3.jpeg', 'https://ananas.vn/wp-content/uploads/Pro_AV00120_5.jpeg', 'https://ananas.vn/wp-content/uploads/Pro_AV00120_2.jpeg', 'https://ananas.vn/wp-content/uploads/Pro_AV00120_4.jpeg', 'https://ananas.vn/wp-content/uploads/Pro_AV00120_1.jpeg']",2022-08-02 15:41:57.031543,,,,,,,
Ananas,12,https://ananas.vn/,https://ananas.vn/product-detail/a6t005/,Track 6 Suede Moonphase - Low Top - Grey Pepple,990.000 VND,"['https://ananas.vn/wp-content/uploads/pro_A6T005_5.jpg', 'https://ananas.vn/wp-content/uploads/pro_A6T005_4.jpg', 'https://ananas.vn/wp-content/uploads/pro_A6T005_2.jpg', 'https://ananas.vn/wp-content/uploads/pro_A6T005_3.jpg', 'https://ananas.vn/wp-content/uploads/pro_A6T005_1.jpg']",2022-08-02 15:41:57.956887,,,,,,,
Ananas,12,https://ananas.vn/,https://ananas.vn/product-detail/av00122/,Vintas Aunter - Low Top - Soybean,690.000 VND,"['https://ananas.vn/wp-content/uploads/Pro_AV00122_4.jpeg', 'https://ananas.vn/wp-content/uploads/Pro_AV00122_2.jpeg', 'https://ananas.vn/wp-content/uploads/Pro_AV00122_1.jpeg', 'https://ananas.vn/wp-content/uploads/Pro_AV00122_3.jpeg', 'https://ananas.vn/wp-content/uploads/Pro_AV00122_5.jpeg']",2022-08-02 15:41:59.008436,,,,,,,
Ananas,12,https://ananas.vn/,https://ananas.vn/product-detail/av00124/,Urbas Ruler - Low Top - Granite Green,590.000 VND,"['https://ananas.vn/wp-content/uploads/Pro_AV00124_4.jpeg', 'https://ananas.vn/wp-content/uploads/Pro_AV00124_5.jpeg', 'https://ananas.vn/wp-content/uploads/Pro_AV00124_3.jpeg', 'https://ananas.vn/wp-content/uploads/Pro_AV00124_1.jpeg', 'https://ananas.vn/wp-content/uploads/Pro_AV00124_7.jpeg', 'https://ananas.vn/wp-content/uploads/Pro_AV00124_8.jpeg', 'https://ananas.vn/wp-content/uploads/Pro_AV00124_6.jpeg', 'https://ananas.vn/wp-content/uploads/Pro_AV00124_2.jpeg']",2022-08-02 15:41:59.949539,,,,,,,
Ananas,12,https://ananas.vn/,https://ananas.vn/product-detail/aho0008/,Ananas Typo Logo Hoodie - White,500.000 VND,"['https://ananas.vn/wp-content/uploads/pro_hoodie_AHO0008_2.jpg', 'https://ananas.vn/wp-content/uploads/pro_hoodie_AHO0008_3.jpg', 'https://ananas.vn/wp-content/uploads/pro_hoodie_AHO0008_4.jpg', 'https://ananas.vn/wp-content/uploads/pro_hoodie_AHO0008_1.jpg', 'https://ananas.vn/wp-content/uploads/pro_hoodie_AHO0008_5.jpg', 'https://ananas.vn/wp-content/uploads/pro_hoodie_AHO0008_6.jpg']",2022-08-02 15:42:00.443231,,,,,,,
Ananas,12,https://ananas.vn/,https://ananas.vn/product-detail/ans025/,Invisible Socks Pack - DiscoverYou - Grey,95.000 VND,"['https://ananas.vn/wp-content/uploads/pro_ANS025_1.jpg', 'https://ananas.vn/wp-content/uploads/Detail_1.jpg']",2022-08-02 15:42:01.329555,,,,,,,
Ananas,12,https://ananas.vn/,https://ananas.vn/product-detail/av00127/,Urbas Retrospective - Low Top - The Woods,650.000 VND,"['https://ananas.vn/wp-content/uploads/Pro_AV00127_1.jpeg', 'https://ananas.vn/wp-content/uploads/Pro_AV00127_2.jpeg', 'https://ananas.vn/wp-content/uploads/Pro_AV00127_6.jpeg', 'https://ananas.vn/wp-content/uploads/Pro_AV00127_4.jpeg', 'https://ananas.vn/wp-content/uploads/Pro_AV00127_3.jpeg', 'https://ananas.vn/wp-content/uploads/Pro_AV00127_5.jpeg']",2022-08-02 15:42:02.333590,,,,,,,
Ananas,12,https://ananas.vn/,https://ananas.vn/product-detail/av00121/,Vintas Aunter - Low Top - Botanical Garden,690.000 VND,"['https://ananas.vn/wp-content/uploads/Pro_AV00121_5.jpeg', 'https://ananas.vn/wp-content/uploads/Pro_AV00121_1.jpeg', 'https://ananas.vn/wp-content/uploads/Pro_AV00121_3.jpeg', 'https://ananas.vn/wp-content/uploads/Pro_AV00121_2.jpeg', 'https://ananas.vn/wp-content/uploads/Pro_AV00121_4.jpeg']",2022-08-02 15:42:04.294894,,,,,,,
Ananas,12,https://ananas.vn/,https://ananas.vn/product-detail/abn001/,Beanie Hat - Ananas Typo Box - Black,195.000 VND,"['https://ananas.vn/wp-content/uploads/pro_ABN001_2.jpg', 'https://ananas.vn/wp-content/uploads/pro_ABN001_1-1-1.jpg']",2022-08-02 15:42:05.047734,,,,,,,
Ananas,12,https://ananas.vn/,https://ananas.vn/product-detail/acs006/,Crew Socks - Ananas Typo - White/Orange,95.000 VND,"['https://ananas.vn/wp-content/uploads/ACS006_1.jpg', 'https://ananas.vn/wp-content/uploads/ACS006_2.jpg']",2022-08-02 15:42:05.909191,,,,,,,
Ananas,12,https://ananas.vn/,https://ananas.vn/product-detail/ans011/,Invisible Socks Pack - Ananas Typo - 3 Colors,95.000 VND,"['https://ananas.vn/wp-content/uploads/Detail_2.jpg', 'https://ananas.vn/wp-content/uploads/pro_ANS011_1.jpg']",2022-08-02 15:42:06.600151,,,,,,,
Ananas,12,https://ananas.vn/,https://ananas.vn/product-detail/a61050/,Urbas The Gang - Low Top - Haute Black,450.000 VND,"['https://ananas.vn/wp-content/uploads/pro_urbas_A61050_1-1.jpg', 'https://ananas.vn/wp-content/uploads/pro_urbas_A61050_4-1.jpg', 'https://ananas.vn/wp-content/uploads/pro_urbas_A61050_5-1.jpg', 'https://ananas.vn/wp-content/uploads/pro_urbas_A61050_3-1.jpg', 'https://ananas.vn/wp-content/uploads/pro_urbas_A61050_2-1.jpg']",2022-08-02 15:42:07.493936,,,,,,,
Ananas,12,https://ananas.vn/,https://ananas.vn/product-detail/ans018/,Invisible Socks Pack - Ananas Typo - 3 Colors,95.000 VND,"['https://ananas.vn/wp-content/uploads/Detail_2.jpg', 'https://ananas.vn/wp-content/uploads/pro_ANS018_1.jpg']",2022-08-02 15:42:08.293268,,,,,,,
Ananas,12,https://ananas.vn/,https://ananas.vn/product-detail/a61103/,Urbas Unsettling - Low Top - Insignia/Sulphur,490.000 VND,"['https://ananas.vn/wp-content/uploads/pro_A61103_2.jpg', 'https://ananas.vn/wp-content/uploads/pro_A61103_5.jpg', 'https://ananas.vn/wp-content/uploads/pro_A61103_1.jpg', 'https://ananas.vn/wp-content/uploads/pro_A61103_4.jpg', 'https://ananas.vn/wp-content/uploads/pro_A61103_3.jpg']",2022-08-02 15:42:09.236858,,,,,,,
Ananas,12,https://ananas.vn/,https://ananas.vn/product-detail/a61079/,Basas Mono - High Top - All Dark Grey,490.000 VND,"['https://ananas.vn/wp-content/uploads/pro_basas_A61079_3.jpg', 'https://ananas.vn/wp-content/uploads/pro_basas_A61079_2.jpg', 'https://ananas.vn/wp-content/uploads/pro_basas_A61079_5.jpg', 'https://ananas.vn/wp-content/uploads/pro_basas_A61079_4.jpg', 'https://ananas.vn/wp-content/uploads/pro_basas_A61079_1.jpg']",2022-08-02 15:42:10.332687,,,,,,,
Ananas,12,https://ananas.vn/,https://ananas.vn/product-detail/alb004/,Blank Shoelaces - Carrot,35.000 VND,"['https://ananas.vn/wp-content/uploads/ALB004_2.jpg', 'https://ananas.vn/wp-content/uploads/ALB004_3.jpg', 'https://ananas.vn/wp-content/uploads/pro_ALB004_1.jpg']",2022-08-02 15:42:11.148516,,,,,,,
Ananas,12,https://ananas.vn/,https://ananas.vn/product-detail/av00117/,Vintas Flannel - Low Top - Cement,690.000 VND,"['https://ananas.vn/wp-content/uploads/pro_AV00117_2.jpg', 'https://ananas.vn/wp-content/uploads/pro_AV00117_7.jpg', 'https://ananas.vn/wp-content/uploads/pro_AV00117_1.jpg', 'https://ananas.vn/wp-content/uploads/pro_AV00117_3.jpg', 'https://ananas.vn/wp-content/uploads/pro_AV00117_5.jpg', 'https://ananas.vn/wp-content/uploads/pro_AV00117_6.jpg', 'https://ananas.vn/wp-content/uploads/pro_AV00117_4.jpg']",2022-08-02 15:42:12.089913,,,,,,,
Ananas,12,https://ananas.vn/,https://ananas.vn/product-detail/abt00018/,Basic Tee - Ananas Graphic - Black,269.000 VND,"['https://ananas.vn/wp-content/uploads/pro_basictee_ABT00018_4.jpg', 'https://ananas.vn/wp-content/uploads/pro_basictee_ABT00018_2.jpg', 'https://ananas.vn/wp-content/uploads/pro_basictee_ABT00018_3.jpg', 'https://ananas.vn/wp-content/uploads/pro_basictee_ABT00018_1.jpg']",2022-08-02 15:42:12.582459,,,,,,,
Ananas,12,https://ananas.vn/,https://ananas.vn/product-detail/av00006/,Basas Bumper Gum NE - Mule - Offwhite/Gum,520.000 VND,"['https://ananas.vn/wp-content/uploads/pro_AV00006_6.jpg', 'https://ananas.vn/wp-content/uploads/pro_AV00006_5.jpg', 'https://ananas.vn/wp-content/uploads/pro_AV00006_3.jpg', 'https://ananas.vn/wp-content/uploads/pro_AV00006_4.jpg', 'https://ananas.vn/wp-content/uploads/pro_AV00006_1.jpg', 'https://ananas.vn/wp-content/uploads/pro_AV00006_2.jpg']",2022-08-02 15:42:13.548797,,,,,,,
Ananas,12,https://ananas.vn/,https://ananas.vn/product-detail/agt0002/,Hiphop Graphic Tee - Discover Ananas - Ketchup,365.000 VND,"['https://ananas.vn/wp-content/uploads/pro_AGT0002_6.jpg', 'https://ananas.vn/wp-content/uploads/pro_AGT0002_5.jpg', 'https://ananas.vn/wp-content/uploads/AGT0002_1.jpg', 'https://ananas.vn/wp-content/uploads/pro_AGT0002_4.jpg', 'https://ananas.vn/wp-content/uploads/pro_AGT0002_hover.jpg']",2022-08-02 15:42:14.097722,,,,,,,
Ananas,12,https://ananas.vn/,https://ananas.vn/product-detail/agt0020/,Graphic Pocket Tee - Doraemon 50 Years - Cloud Dancer,390.000 VND,"['https://ananas.vn/wp-content/uploads/pro_AGT0020_6-1.jpg', 'https://ananas.vn/wp-content/uploads/pro_AGT0020_3-2.jpg', 'https://ananas.vn/wp-content/uploads/pro_AGT0020_2-1.jpg', 'https://ananas.vn/wp-content/uploads/pro_AGT0020_5-1.jpg', 'https://ananas.vn/wp-content/uploads/pro_AGT0020_1.jpg', 'https://ananas.vn/wp-content/uploads/pro_AGT0020_4-1.jpg', 'https://ananas.vn/wp-content/uploads/pro_AGT0020_7-1.jpg']",2022-08-02 15:42:14.740585,,,,,,,
Ananas,12,https://ananas.vn/,https://ananas.vn/product-detail/acs008/,Crew Socks - Ananas Typo - Black,95.000 VND,"['https://ananas.vn/wp-content/uploads/ACS008_2.jpg', 'https://ananas.vn/wp-content/uploads/ACS008_1.jpg']",2022-08-02 15:42:15.478448,,,,,,,
Ananas,12,https://ananas.vn/,https://ananas.vn/product-detail/av00123/,Vintas Aunter - Low Top - Dusty Blue,690.000 VND,"['https://ananas.vn/wp-content/uploads/Pro_AV00123_5.jpeg', 'https://ananas.vn/wp-content/uploads/Pro_AV00123_2.jpeg', 'https://ananas.vn/wp-content/uploads/Pro_AV00123_3.jpeg', 'https://ananas.vn/wp-content/uploads/Pro_AV00123_4.jpeg', 'https://ananas.vn/wp-content/uploads/Pro_AV00123_1.jpeg']",2022-08-02 15:42:16.373715,,,,,,,
Ananas,12,https://ananas.vn/,https://ananas.vn/product-detail/a61075/,Basas Bumper Gum - High Top - Black/Gum,350.000 VND,"['https://ananas.vn/wp-content/uploads/pro_basas_A61075_2.jpg', 'https://ananas.vn/wp-content/uploads/pro_basas_A61075_4.jpg', 'https://ananas.vn/wp-content/uploads/pro_basas_A61075_1-1.jpg', 'https://ananas.vn/wp-content/uploads/pro_basas_A61075_3-1.jpg', 'https://ananas.vn/wp-content/uploads/pro_basas_A61075_5.jpg']",2022-08-02 15:42:17.390246,,,,,,,
Ananas,12,https://ananas.vn/,https://ananas.vn/product-detail/abc100/,Baseball Cap - Be Positive - Pink,275.000 VND,"['https://ananas.vn/wp-content/uploads/pro_ABC100_2.jpg', 'https://ananas.vn/wp-content/uploads/pro_ABC100_1.jpg', 'https://ananas.vn/wp-content/uploads/pro_cap_ABC100_2.jpg']",2022-08-02 15:42:18.239320,,,,,,,
Ananas,12,https://ananas.vn/,https://ananas.vn/product-detail/ans004/,Invisible Socks Pack - Ananas Typo - White,95.000 VND,"['https://ananas.vn/wp-content/uploads/pro_ANS004_1.jpg', 'https://ananas.vn/wp-content/uploads/Detail_2.jpg']",2022-08-02 15:42:19.071428,,,,,,,
Ananas,12,https://ananas.vn/,https://ananas.vn/product-detail/av00076/,Basas Mono Black NE - High Top - All Black,580.000 VND,"['https://ananas.vn/wp-content/uploads/pro_AV00076_7.jpg', 'https://ananas.vn/wp-content/uploads/Pro_AV00076_1.jpg', 'https://ananas.vn/wp-content/uploads/Pro_AV00076_3.jpg', 'https://ananas.vn/wp-content/uploads/pro_AV00076_6-1.jpg', 'https://ananas.vn/wp-content/uploads/Pro_AV00076_4.jpg', 'https://ananas.vn/wp-content/uploads/Pro_AV00076_5.jpg', 'https://ananas.vn/wp-content/uploads/Pro_AV00076_2.jpg']",2022-08-02 15:42:19.920831,,,,,,,
Ananas,12,https://ananas.vn/,https://ananas.vn/product-detail/ans019/,Invisible Socks Pack - Ananas Typo - 3 Colors,95.000 VND,"['https://ananas.vn/wp-content/uploads/Detail_2.jpg', 'https://ananas.vn/wp-content/uploads/pro_ANS019_1.jpg']",2022-08-02 15:42:20.622451,,,,,,,
Ananas,12,https://ananas.vn/,https://ananas.vn/product-detail/a61068/,Basas Suede - Low Top - Black,440.000 VND,"['https://ananas.vn/wp-content/uploads/pro_basas_A61068_4.jpg', 'https://ananas.vn/wp-content/uploads/pro_basas_A61068_5.jpg', 'https://ananas.vn/wp-content/uploads/pro_basas_A61068_2.jpg', 'https://ananas.vn/wp-content/uploads/pro_basas_A61068_1.jpg', 'https://ananas.vn/wp-content/uploads/pro_basas_A61068_3.jpg']",2022-08-02 15:42:21.484668,,,,,,,
Ananas,12,https://ananas.vn/,https://ananas.vn/product-detail/ans024/,Invisible Socks Pack - DiscoverYou - Black,95.000 VND,"['https://ananas.vn/wp-content/uploads/Detail_1.jpg', 'https://ananas.vn/wp-content/uploads/pro_ANS024_1.jpg']",2022-08-02 15:42:22.129562,,,,,,,
Ananas,12,https://ananas.vn/,https://ananas.vn/product-detail/a61072/,Basas Hook N'Loop - Low Top - Taupe,350.000 VND,"['https://ananas.vn/wp-content/uploads/pro_basas_A61072_4.jpg', 'https://ananas.vn/wp-content/uploads/pro_basas_A61072_1.jpg', 'https://ananas.vn/wp-content/uploads/pro_basas_A61072_2.jpg', 'https://ananas.vn/wp-content/uploads/pro_basas_A61072_3.jpg', 'https://ananas.vn/wp-content/uploads/pro_basas_A61072_5.jpg']",2022-08-02 15:42:23.132595,,,,,,,
Ananas,12,https://ananas.vn/,https://ananas.vn/product-detail/av00119/,Vintas Monoguso - Low Top - Moonbeam/Green,720.000 VND,"['https://ananas.vn/wp-content/uploads/Pro_AV00119_1.jpeg', 'https://ananas.vn/wp-content/uploads/Pro_AV00119_5.jpeg', 'https://ananas.vn/wp-content/uploads/Pro_AV00119_2.jpeg', 'https://ananas.vn/wp-content/uploads/Pro_AV00119_4.jpeg', 'https://ananas.vn/wp-content/uploads/Pro_AV00119_3.jpeg']",2022-08-02 15:42:24.043192,,,,,,,
Ananas,12,https://ananas.vn/,https://ananas.vn/product-detail/a61078/,Basas Mono - High Top - All White,390.000 VND,"['https://ananas.vn/wp-content/uploads/pro_basas_A61078_5.jpg', 'https://ananas.vn/wp-content/uploads/pro_basas_A61078_1.jpg', 'https://ananas.vn/wp-content/uploads/pro_basas_A61078_4.jpg', 'https://ananas.vn/wp-content/uploads/pro_basas_A61078_3.jpg', 'https://ananas.vn/wp-content/uploads/pro_basas_A61078_2.jpg']",2022-08-02 15:42:24.890336,,,,,,,
Ananas,12,https://ananas.vn/,https://ananas.vn/product-detail/ath005/,Trucker Hat - Be Positive - Black/White,275.000 VND,"['https://ananas.vn/wp-content/uploads/pro_ATH005_1.jpg', 'https://ananas.vn/wp-content/uploads/pro_ATH005_3.jpg', 'https://ananas.vn/wp-content/uploads/pro_ATH005_2.jpg']",2022-08-02 15:42:25.705123,,,,,,,
Ananas,12,https://ananas.vn/,https://ananas.vn/product-detail/a6t009/,Track 6 Class E - Low Top - Craftsman Blue,1.190.000 VND,"['https://ananas.vn/wp-content/uploads/pro_A6T009_5.jpg', 'https://ananas.vn/wp-content/uploads/pro_A6T009_3.jpg', 'https://ananas.vn/wp-content/uploads/pro_A6T009_2.jpg', 'https://ananas.vn/wp-content/uploads/pro_A6T009_4.jpg', 'https://ananas.vn/wp-content/uploads/pro_A6T009_1.jpg']",2022-08-02 15:42:26.725560,,,,,,,
Ananas,12,https://ananas.vn/,https://ananas.vn/product-detail/a61106/,Urbas Unsettling - High Top - Starlight/Lavender,420.000 VND,"['https://ananas.vn/wp-content/uploads/pro_A61106_4.jpg', 'https://ananas.vn/wp-content/uploads/pro_A61106_1.jpg', 'https://ananas.vn/wp-content/uploads/pro_A61106_3.jpg', 'https://ananas.vn/wp-content/uploads/pro_A61106_5.jpg', 'https://ananas.vn/wp-content/uploads/pro_A61106_2.jpg']",2022-08-02 15:42:27.650624,,,,,,,
Ananas,12,https://ananas.vn/,https://ananas.vn/product-detail/a61042/,Vintas Earth - High Top - Goat,495.000 VND,"['https://ananas.vn/wp-content/uploads/pro_vintas_A61042_2.jpg', 'https://ananas.vn/wp-content/uploads/pro_vintas_A61042_3.jpg', 'https://ananas.vn/wp-content/uploads/pro_vintas_A61042_1.jpg', 'https://ananas.vn/wp-content/uploads/pro_vintas_A61042_5.jpg', 'https://ananas.vn/wp-content/uploads/pro_vintas_A61042_4.jpg']",2022-08-02 15:42:28.639529,,,,,,,
Ananas,12,https://ananas.vn/,https://ananas.vn/product-detail/a6t011/,Track 6 Unnamed No.1 In C Minor - Low Top - Black,1.090.000 VND,"['https://ananas.vn/wp-content/uploads/pro_A6T011_7.jpg', 'https://ananas.vn/wp-content/uploads/pro_A6T011_8.jpg', 'https://ananas.vn/wp-content/uploads/pro_A6T011_4.jpg', 'https://ananas.vn/wp-content/uploads/pro_A6T011_9.jpg', 'https://ananas.vn/wp-content/uploads/pro_A6T011_1.jpg', 'https://ananas.vn/wp-content/uploads/pro_A6T011_2.jpg', 'https://ananas.vn/wp-content/uploads/pro_A6T011_3.jpg', 'https://ananas.vn/wp-content/uploads/pro_A6T011_5.jpg', 'https://ananas.vn/wp-content/uploads/pro_A6T011_6.jpg']",2022-08-02 15:42:29.799346,,,,,,,
Ananas,12,https://ananas.vn/,https://ananas.vn/product-detail/a61039/,Vintas Mister - Low Top - Narcissuede,580.000 VND,"['https://ananas.vn/wp-content/uploads/pro_vintas_A61039_2.jpg', 'https://ananas.vn/wp-content/uploads/pro_vintas_A61039_3.jpg', 'https://ananas.vn/wp-content/uploads/pro_vintas_A61039_5.jpg', 'https://ananas.vn/wp-content/uploads/pro_vintas_A61039_4.jpg', 'https://ananas.vn/wp-content/uploads/pro_vintas_A61039_1.jpg']",2022-08-02 15:42:30.923822,,,,,,,
Ananas,12,https://ananas.vn/,https://ananas.vn/product-detail/a5p001/,5 Panel Hat - West Wild,285.000 VND,"['https://ananas.vn/wp-content/uploads/pro_A5P001_1.jpg', 'https://ananas.vn/wp-content/uploads/pro_A5P001_3.jpg', 'https://ananas.vn/wp-content/uploads/pro_A5P001_4-1.jpg', 'https://ananas.vn/wp-content/uploads/pro_A5P001_3-1.jpg', 'https://ananas.vn/wp-content/uploads/pro_A5P001_4.jpg', 'https://ananas.vn/wp-content/uploads/pro_A5P001_2.jpg']",2022-08-02 15:42:32.200024,,,,,,,
Ananas,12,https://ananas.vn/,https://ananas.vn/product-detail/acs002/,Crew Socks - Ananas Typo - White,95.000 VND,"['https://ananas.vn/wp-content/uploads/pro_ACS002_2.jpg', 'https://ananas.vn/wp-content/uploads/pro_ACS002_1.jpg']",2022-08-02 15:42:33.015078,,,,,,,
Ananas,12,https://ananas.vn/,https://ananas.vn/product-detail/av00098/,Basas Bumper Gum EXT NE - Low Top - Black/Gum,580.000 VND,"['https://ananas.vn/wp-content/uploads/Pro_AV00098_3.jpg', 'https://ananas.vn/wp-content/uploads/Pro_AV00098_7.jpg', 'https://ananas.vn/wp-content/uploads/Pro_AV00098_1.jpg', 'https://ananas.vn/wp-content/uploads/Pro_AV00098_8.jpg', 'https://ananas.vn/wp-content/uploads/Pro_AV00098_2.jpg', 'https://ananas.vn/wp-content/uploads/pro_AV00098_5.jpg', 'https://ananas.vn/wp-content/uploads/Pro_AV00098_4.jpg', 'https://ananas.vn/wp-content/uploads/Pro_AV00098_6.jpg']",2022-08-02 15:42:34.340758,,,,,,,
Ananas,12,https://ananas.vn/,https://ananas.vn/product-detail/av00130/,Urbas Retrospective - Mid Top - Popular Blue,720.000 VND,"['https://ananas.vn/wp-content/uploads/Pro_AV00130_7.jpeg', 'https://ananas.vn/wp-content/uploads/Pro_AV00130_5.jpeg', 'https://ananas.vn/wp-content/uploads/Pro_AV00130_6.jpeg', 'https://ananas.vn/wp-content/uploads/Pro_AV00130_9.jpeg', 'https://ananas.vn/wp-content/uploads/Pro_AV00130_4.jpeg', 'https://ananas.vn/wp-content/uploads/Pro_AV00130_1.jpeg', 'https://ananas.vn/wp-content/uploads/Pro_AV00130_8.jpeg', 'https://ananas.vn/wp-content/uploads/Pro_AV00130_2.jpeg', 'https://ananas.vn/wp-content/uploads/Pro_AV00130_10.jpeg', 'https://ananas.vn/wp-content/uploads/Pro_AV00130_3.jpeg']",2022-08-02 15:42:35.995580,,,,,,,
Ananas,12,https://ananas.vn/,https://ananas.vn/product-detail/abt00011/,Basic Tee - Ananas Cropped Symbol - Bungee Cord,269.000 VND,"['https://ananas.vn/wp-content/uploads/pro_basictee_ABT00011_3.jpg', 'https://ananas.vn/wp-content/uploads/pro_basictee_ABT00011_2-1.jpg', 'https://ananas.vn/wp-content/uploads/pro_basictee_ABT00011_1-1.jpg']",2022-08-02 15:42:36.669595,,,,,,,
Ananas,12,https://ananas.vn/,https://ananas.vn/product-detail/av00129/,Urbas Retrospective - Low Top - Yellow Submarine,650.000 VND,"['https://ananas.vn/wp-content/uploads/Pro_AV00129_5.jpeg', 'https://ananas.vn/wp-content/uploads/Pro_AV00129_1.jpeg', 'https://ananas.vn/wp-content/uploads/Pro_AV00129_3.jpeg', 'https://ananas.vn/wp-content/uploads/Pro_AV00129_4.jpeg', 'https://ananas.vn/wp-content/uploads/Pro_AV00129_2.jpeg', 'https://ananas.vn/wp-content/uploads/Pro_AV00129_6.jpeg']",2022-08-02 15:42:37.861772,,,,,,,
Ananas,12,https://ananas.vn/,https://ananas.vn/product-detail/abc009/,Baseball Cap - Go Bananas - Washed Olive,295.000 VND,"['https://ananas.vn/wp-content/uploads/pro_ABC009_5.jpg', 'https://ananas.vn/wp-content/uploads/pro_ABC009_1.jpg', 'https://ananas.vn/wp-content/uploads/pro_ABC009_2.jpg', 'https://ananas.vn/wp-content/uploads/pro_ABC009_4.jpg', 'https://ananas.vn/wp-content/uploads/pro_ABC009_3.jpg']",2022-08-02 15:42:38.581643,,,,,,,
Ananas,12,https://ananas.vn/,https://ananas.vn/product-detail/alb002/,Blank Shoelaces - White,35.000 VND,"['https://ananas.vn/wp-content/uploads/pro_ALB002_3.jpg', 'https://ananas.vn/wp-content/uploads/pro_ALB002_1.jpg', 'https://ananas.vn/wp-content/uploads/pro_ALB002_2.jpg']",2022-08-02 15:42:39.586167,,,,,,,
Ananas,12,https://ananas.vn/,https://ananas.vn/product-detail/a6t006/,Track 6 Suede Moonphase - Low Top - Fossil,990.000 VND,"['https://ananas.vn/wp-content/uploads/pro_A6T006_2.jpg', 'https://ananas.vn/wp-content/uploads/pro_A6T006_4.jpg', 'https://ananas.vn/wp-content/uploads/pro_A6T006_5.jpg', 'https://ananas.vn/wp-content/uploads/pro_A6T006_1.jpg', 'https://ananas.vn/wp-content/uploads/pro_A6T006_3.jpg']",2022-08-02 15:42:40.765022,,,,,,,
Ananas,12,https://ananas.vn/,https://ananas.vn/product-detail/av00077/,Basas Simple Life NE - High Top - Black,580.000 VND,"['https://ananas.vn/wp-content/uploads/pro_AV00077_6.jpg', 'https://ananas.vn/wp-content/uploads/Pro_AV00077_1.jpg', 'https://ananas.vn/wp-content/uploads/Pro_AV00077_4.jpg', 'https://ananas.vn/wp-content/uploads/Pro_AV00077_3.jpg', 'https://ananas.vn/wp-content/uploads/Pro_AV00077_2.jpg', 'https://ananas.vn/wp-content/uploads/pro_AV00077_7.jpg', 'https://ananas.vn/wp-content/uploads/Pro_AV00077_5.jpg']",2022-08-02 15:42:41.781991,,,,,,,
Ananas,12,https://ananas.vn/,https://ananas.vn/product-detail/aho0010/,Doraemon 50 Years Hoodie - Black,590.000 VND,"['https://ananas.vn/wp-content/uploads/pro_AHO0010_6-1.jpg', 'https://ananas.vn/wp-content/uploads/pro_AHO0010_7-1.jpg', 'https://ananas.vn/wp-content/uploads/pro_AHO0010_1-1.jpg', 'https://ananas.vn/wp-content/uploads/pro_AHO0010_2-1.jpg', 'https://ananas.vn/wp-content/uploads/pro_AHO0010_5-1.jpg', 'https://ananas.vn/wp-content/uploads/pro_AHO0010_4-1.jpg', 'https://ananas.vn/wp-content/uploads/pro_AHO0010_8-1.jpg', 'https://ananas.vn/wp-content/uploads/pro_AHO0010_3-1.jpg']",2022-08-02 15:42:42.442741,,,,,,,
Ananas,12,https://ananas.vn/,https://ananas.vn/product-detail/av00032/,Vintas Saigon 1980s NE - Low Top - Vin Black,560.000 VND,"['https://ananas.vn/wp-content/uploads/Pro_AV00032_3.jpg', 'https://ananas.vn/wp-content/uploads/pro_AV00032_6-1.jpg', 'https://ananas.vn/wp-content/uploads/Pro_AV00032_2.jpg', 'https://ananas.vn/wp-content/uploads/Pro_AV00032_5.jpg', 'https://ananas.vn/wp-content/uploads/Pro_AV00032_4.jpg', 'https://ananas.vn/wp-content/uploads/pro_AV00032_7.jpg', 'https://ananas.vn/wp-content/uploads/Pro_AV00032_1.jpg']",2022-08-02 15:42:43.398882,,,,,,,
Ananas,12,https://ananas.vn/,https://ananas.vn/product-detail/a61053/,Urbas Lego - Low Top - Deep Mimosa,450.000 VND,"['https://ananas.vn/wp-content/uploads/pro_urbas_A61053_5-1.jpg', 'https://ananas.vn/wp-content/uploads/pro_urbas_A61053_2-1.jpg', 'https://ananas.vn/wp-content/uploads/pro_urbas_A61053_1-1.jpg', 'https://ananas.vn/wp-content/uploads/pro_urbas_A61053_3-1.jpg', 'https://ananas.vn/wp-content/uploads/pro_urbas_A61053_4-1.jpg']",2022-08-02 15:42:44.450759,,,,,,,
Ananas,12,https://ananas.vn/,https://ananas.vn/product-detail/acs009/,Crew Socks - Ananas Typo - Snow White,95.000 VND,"['https://ananas.vn/wp-content/uploads/ACS009_2.jpg', 'https://ananas.vn/wp-content/uploads/ACS009_1.jpg']",2022-08-02 15:42:45.124981,,,,,,,
Ananas,12,https://ananas.vn/,https://ananas.vn/product-detail/av00136/,Basas RAW - High Top - Rustic,650.000 VND,"['https://ananas.vn/wp-content/uploads/pro_AV00136_3.jpg', 'https://ananas.vn/wp-content/uploads/pro_AV00136_1.jpg', 'https://ananas.vn/wp-content/uploads/pro_AV00136_6.jpg', 'https://ananas.vn/wp-content/uploads/pro_AV00136_7.jpg', 'https://ananas.vn/wp-content/uploads/pro_AV00136_4.jpg', 'https://ananas.vn/wp-content/uploads/pro_AV00136_5.jpg', 'https://ananas.vn/wp-content/uploads/pro_AV00136_2.jpg']",2022-08-02 15:42:46.253575,,,,,,,
Ananas,12,https://ananas.vn/,https://ananas.vn/product-detail/aas002/,Anklet Socks - Ananas Typo - Snow White,85.000 VND,"['https://ananas.vn/wp-content/uploads/pro_sock_AAS002_2.jpg', 'https://ananas.vn/wp-content/uploads/bs01590.jpg', 'https://ananas.vn/wp-content/uploads/pro_sock_AAS002_1.jpg', 'https://ananas.vn/wp-content/uploads/bs01593.jpg']",2022-08-02 15:42:47.053028,,,,,,,
Ananas,12,https://ananas.vn/,https://ananas.vn/product-detail/a6t004/,Track 6 Suede Meadow - Low Top - Meadow,990.000 VND,"['https://ananas.vn/wp-content/uploads/pro_A6T004_1_1.jpg', 'https://ananas.vn/wp-content/uploads/pro_A6T004_1_3.jpg', 'https://ananas.vn/wp-content/uploads/pro_A6T004_1_5.jpg', 'https://ananas.vn/wp-content/uploads/pro_A6T004_1_4.jpg', 'https://ananas.vn/wp-content/uploads/pro_A6T004_1_2.jpg']",2022-08-02 15:42:48.104710,,,,,,,
Ananas,12,https://ananas.vn/,https://ananas.vn/product-detail/ans013/,Invisible Socks Pack - Ananas Typo - 3 Colors,95.000 VND,"['https://ananas.vn/wp-content/uploads/pro_ANS013_1.jpg', 'https://ananas.vn/wp-content/uploads/Detail_2.jpg']",2022-08-02 15:42:48.890102,,,,,,,
Ananas,12,https://ananas.vn/,https://ananas.vn/product-detail/av00116/,Vintas Flannel - Low Top - Cement,690.000 VND,"['https://ananas.vn/wp-content/uploads/pro_AV00116_2.jpg', 'https://ananas.vn/wp-content/uploads/pro_AV00116_4.jpg', 'https://ananas.vn/wp-content/uploads/pro_AV00116_3.jpg', 'https://ananas.vn/wp-content/uploads/pro_AV00116_8.jpg', 'https://ananas.vn/wp-content/uploads/pro_AV00116_5.jpg', 'https://ananas.vn/wp-content/uploads/pro_AV00116_7.jpg', 'https://ananas.vn/wp-content/uploads/pro_AV00116_6.jpg', 'https://ananas.vn/wp-content/uploads/pro_AV00116_1.jpg']",2022-08-02 15:42:49.862235,,,,,,,
Ananas,12,https://ananas.vn/,https://ananas.vn/product-detail/a61113/,Ananas X Doraemon 50 Years Pattas - White/Corydalis 50th,890.000 VND,"['https://ananas.vn/wp-content/uploads/pro_A61113_13.jpg', 'https://ananas.vn/wp-content/uploads/pro_A61113_7.jpg', 'https://ananas.vn/wp-content/uploads/pro_A61113_9.jpg', 'https://ananas.vn/wp-content/uploads/pro_A61113_8.jpg', 'https://ananas.vn/wp-content/uploads/pro_A61113_2.jpg', 'https://ananas.vn/wp-content/uploads/pro_A61113_10-1.jpg', 'https://ananas.vn/wp-content/uploads/pro_A61113_4.jpg', 'https://ananas.vn/wp-content/uploads/pro_A61113_3.jpg', 'https://ananas.vn/wp-content/uploads/pro_A61113_1.jpg', 'https://ananas.vn/wp-content/uploads/pro_A61113_11.jpg', 'https://ananas.vn/wp-content/uploads/pro_A61113_12.jpg', 'https://ananas.vn/wp-content/uploads/pro_A61113_6.jpg', 'https://ananas.vn/wp-content/uploads/pro_A61113_5.jpg']",2022-08-02 15:42:50.851185,,,,,,,
Ananas,12,https://ananas.vn/,https://ananas.vn/product-detail/a6t010/,Track 6 Class E - Low Top - Botanist Green,1.190.000 VND,"['https://ananas.vn/wp-content/uploads/pro_A6T010_1.jpg', 'https://ananas.vn/wp-content/uploads/pro_A6T010_5.jpg', 'https://ananas.vn/wp-content/uploads/pro_A6T010_2.jpg', 'https://ananas.vn/wp-content/uploads/pro_A6T010_4.jpg', 'https://ananas.vn/wp-content/uploads/pro_A6T010_3.jpg']",2022-08-02 15:42:51.913629,,,,,,,
Ananas,12,https://ananas.vn/,https://ananas.vn/product-detail/a61071/,Basas Bumper Gum - Low Top - Offwhite/Gum,350.000 VND,"['https://ananas.vn/wp-content/uploads/pro_basas_A61071_5.jpg', 'https://ananas.vn/wp-content/uploads/pro_basas_A61071_4.jpg', 'https://ananas.vn/wp-content/uploads/pro_basas_A61071_1.jpg', 'https://ananas.vn/wp-content/uploads/pro_basas_A61071_2.jpg', 'https://ananas.vn/wp-content/uploads/pro_basas_A61071_3.jpg']",2022-08-02 15:42:52.841829,,,,,,,
Ananas,12,https://ananas.vn/,https://ananas.vn/product-detail/acs022/,Crew Socks - Let It Be - Moonstruck,95.000 VND,"['https://ananas.vn/wp-content/uploads/ACS022_1.jpg', 'https://ananas.vn/wp-content/uploads/ACS022_2.jpg']",2022-08-02 15:42:53.674648,,,,,,,
Ananas,12,https://ananas.vn/,https://ananas.vn/product-detail/aas001/,Anklet Socks - Ananas Typo - Black,85.000 VND,"['https://ananas.vn/wp-content/uploads/pro_AAS001_2.jpg', 'https://ananas.vn/wp-content/uploads/pro_AAS001_1.jpg']",2022-08-02 15:42:54.347610,,,,,,,
Ananas,12,https://ananas.vn/,https://ananas.vn/product-detail/aas004/,Anklet Socks - Ananas Typo - Jet Black,85.000 VND,"['https://ananas.vn/wp-content/uploads/pro_sock_AAS004_1.jpg', 'https://ananas.vn/wp-content/uploads/bs01589.jpg']",2022-08-02 15:42:55.133027,,,,,,,
Ananas,12,https://ananas.vn/,https://ananas.vn/product-detail/a61101/,Vintas Mister - High Top - Chocolate Brown,490.000 VND,"['https://ananas.vn/wp-content/uploads/pro_A61101_2.jpg', 'https://ananas.vn/wp-content/uploads/pro_A61101_5.jpg', 'https://ananas.vn/wp-content/uploads/pro_A61101_4.jpg', 'https://ananas.vn/wp-content/uploads/pro_A61101_3.jpg', 'https://ananas.vn/wp-content/uploads/pro_A61101_1_1.jpg']",2022-08-02 15:42:56.102423,,,,,,,
Ananas,12,https://ananas.vn/,https://ananas.vn/product-detail/av00007/,Basas Hook N'Loop NE - Mule - Black,520.000 VND,"['https://ananas.vn/wp-content/uploads/pro_AV00007_4.jpg', 'https://ananas.vn/wp-content/uploads/pro_AV00007_6.jpg', 'https://ananas.vn/wp-content/uploads/pro_AV00007_2.jpg', 'https://ananas.vn/wp-content/uploads/pro_AV00007_1.jpg', 'https://ananas.vn/wp-content/uploads/pro_AV00007_5.jpg', 'https://ananas.vn/wp-content/uploads/pro_AV00007_3.jpg']",2022-08-02 15:42:57.014201,,,,,,,
Ananas,12,https://ananas.vn/,https://ananas.vn/product-detail/av00002/,Basas Simple Life NE - Low Top - White,490.000 VND,"['https://ananas.vn/wp-content/uploads/Pro_AV00002_4.jpg', 'https://ananas.vn/wp-content/uploads/pro_AV00002_6-1.jpg', 'https://ananas.vn/wp-content/uploads/Pro_AV00002_2.jpg', 'https://ananas.vn/wp-content/uploads/Pro_AV00002_3.jpg', 'https://ananas.vn/wp-content/uploads/Pro_AV00002_1-2.jpg', 'https://ananas.vn/wp-content/uploads/Pro_AV00002_5.jpg', 'https://ananas.vn/wp-content/uploads/pro_AV00002_7.jpg']",2022-08-02 15:42:57.972018,,,,,,,
Ananas,12,https://ananas.vn/,https://ananas.vn/product-detail/a61108/,Urbas Irrelevant - Slip On - Storm/A.Gold,350.000 VND,"['https://ananas.vn/wp-content/uploads/pro_A61108_5.jpg', 'https://ananas.vn/wp-content/uploads/pro_A61108_2.jpg', 'https://ananas.vn/wp-content/uploads/pro_A61108_4.jpg', 'https://ananas.vn/wp-content/uploads/pro_A61108_1.jpg', 'https://ananas.vn/wp-content/uploads/pro_A61108_3.jpg']",2022-08-02 15:42:58.804289,,,,,,,
Ananas,12,https://ananas.vn/,https://ananas.vn/product-detail/ans015/,Invisible Socks Pack - Ananas Typo - 3 Colors,95.000 VND,"['https://ananas.vn/wp-content/uploads/pro_ANS015_1.jpg', 'https://ananas.vn/wp-content/uploads/Detail_2.jpg']",2022-08-02 15:42:59.556152,,,,,,,
Ananas,12,https://ananas.vn/,https://ananas.vn/product-detail/a61052/,Urbas The Gang - Low Top - Citrus Black,450.000 VND,"['https://ananas.vn/wp-content/uploads/pro_urbas_A61052_3-1.jpg', 'https://ananas.vn/wp-content/uploads/pro_urbas_A61052_5-1.jpg', 'https://ananas.vn/wp-content/uploads/pro_urbas_A61052_4-1.jpg', 'https://ananas.vn/wp-content/uploads/pro_urbas_A61052_1-1.jpg', 'https://ananas.vn/wp-content/uploads/pro_urbas_A61052_2-1.jpg']",2022-08-02 15:43:00.601611,,,,,,,
Ananas,12,https://ananas.vn/,https://ananas.vn/product-detail/av00115/,Basas Bumper Gum EXT NE - High Top - Offwhite/Gum,650.000 VND,"['https://ananas.vn/wp-content/uploads/pro_AV00115_1.jpg', 'https://ananas.vn/wp-content/uploads/pro_AV00115_4.jpg', 'https://ananas.vn/wp-content/uploads/pro_AV00115_8.jpg', 'https://ananas.vn/wp-content/uploads/pro_AV00115_2.jpg', 'https://ananas.vn/wp-content/uploads/pro_AV00115_7.jpg', 'https://ananas.vn/wp-content/uploads/pro_AV00115_3.jpg', 'https://ananas.vn/wp-content/uploads/pro_AV00115_5.jpg', 'https://ananas.vn/wp-content/uploads/pro_AV00115_6.jpg']",2022-08-02 15:43:01.532359,,,,,,,
Ananas,12,https://ananas.vn/,https://ananas.vn/product-detail/ath003/,Snapback Trucker Hat - Pineapple Or Ananas - Gold Navy,285.000 VND,"['https://ananas.vn/wp-content/uploads/pro_snapback_ATH003_3.jpg', 'https://ananas.vn/wp-content/uploads/pro_ATH003_2.jpg', 'https://ananas.vn/wp-content/uploads/pro_ATH003_1.jpg']",2022-08-02 15:43:02.272595,,,,,,,
Ananas,12,https://ananas.vn/,https://ananas.vn/product-detail/aho0009/,Ananas Typo Logo Hoodie - Citrus,500.000 VND,"['https://ananas.vn/wp-content/uploads/pro_hoodie_AHO0009_5.jpg', 'https://ananas.vn/wp-content/uploads/pro_hoodie_AHO0009_2.jpg', 'https://ananas.vn/wp-content/uploads/pro_hoodie_AHO0009_1.jpg', 'https://ananas.vn/wp-content/uploads/pro_hoodie_AHO0009_3.jpg', 'https://ananas.vn/wp-content/uploads/pro_hoodie_AHO0009_4.jpg']",2022-08-02 15:43:02.834446,,,,,,,
Ananas,12,https://ananas.vn/,https://ananas.vn/product-detail/av00135/,Basas RAW - Low Top - Rustic,610.000 VND,"['https://ananas.vn/wp-content/uploads/pro_AV00135_1.jpg', 'https://ananas.vn/wp-content/uploads/pro_AV00135_2.jpg', 'https://ananas.vn/wp-content/uploads/pro_AV00135_5.jpg', 'https://ananas.vn/wp-content/uploads/pro_AV00135_3.jpg', 'https://ananas.vn/wp-content/uploads/pro_AV00135_7.jpg', 'https://ananas.vn/wp-content/uploads/pro_AV00135_6.jpg', 'https://ananas.vn/wp-content/uploads/pro_AV00135_4.jpg']",2022-08-02 15:43:03.870163,,,,,,,
Ananas,12,https://ananas.vn/,https://ananas.vn/product-detail/av00104/,Urbas Irrelevant NE - Low Top - Storm/A.Gold,650.000 VND,"['https://ananas.vn/wp-content/uploads/pro_AV00104_2-1.jpg', 'https://ananas.vn/wp-content/uploads/pro_AV00104_5-1.jpg', 'https://ananas.vn/wp-content/uploads/pro_AV00104_3-1.jpg', 'https://ananas.vn/wp-content/uploads/pro_AV00104_1-1.jpg', 'https://ananas.vn/wp-content/uploads/pro_AV00104_4-1.jpg']",2022-08-02 15:43:04.748035,,,,,,,
Ananas,12,https://ananas.vn/,https://ananas.vn/product-detail/acs005/,Crew Socks - Ananas Typo - Jet Black,95.000 VND,"['https://ananas.vn/wp-content/uploads/ACS005_1.jpg', 'https://ananas.vn/wp-content/uploads/ACS005_2.jpg']",2022-08-02 15:43:05.547801,,,,,,,
Ananas,12,https://ananas.vn/,https://ananas.vn/product-detail/av00099/,Basas Bumper Gum EXT NE - High Top - Black/Gum,650.000 VND,"['https://ananas.vn/wp-content/uploads/Pro_AV00099_2.jpg', 'https://ananas.vn/wp-content/uploads/Pro_AV00099_6.jpg', 'https://ananas.vn/wp-content/uploads/Pro_AV00099_8.jpg', 'https://ananas.vn/wp-content/uploads/Pro_AV00099_4.jpg', 'https://ananas.vn/wp-content/uploads/Pro_AV00099_1.jpg', 'https://ananas.vn/wp-content/uploads/Pro_AV00099_7.jpg', 'https://ananas.vn/wp-content/uploads/Pro_AV00099_3.jpg', 'https://ananas.vn/wp-content/uploads/pro_AV00099_5.jpg']",2022-08-02 15:43:06.504572,,,,,,,
Ananas,12,https://ananas.vn/,https://ananas.vn/product-detail/ans005/,Invisible Socks Pack - Ananas Typo - White,95.000 VND,"['https://ananas.vn/wp-content/uploads/Detail_2.jpg', 'https://ananas.vn/wp-content/uploads/pro_ANS005_1.jpg']",2022-08-02 15:43:07.179575,,,,,,,
Ananas,12,https://ananas.vn/,https://ananas.vn/faqs/,SẢN PHẨM,,[],2022-08-02 15:43:07.699275,,,,,,,
Ananas,12,https://ananas.vn/,https://ananas.vn/product-detail/av00011/,Basas Hook N'Loop NE - Low Top - White,520.000 VND,"['https://ananas.vn/wp-content/uploads/pro_AV00011_6_1.jpg', 'https://ananas.vn/wp-content/uploads/Pro_AV00011_3.jpg', 'https://ananas.vn/wp-content/uploads/Pro_AV00011_2.jpg', 'https://ananas.vn/wp-content/uploads/Pro_AV00011_4.jpg', 'https://ananas.vn/wp-content/uploads/Pro_AV00011_5.jpg', 'https://ananas.vn/wp-content/uploads/Pro_AV00011_1.jpg']",2022-08-02 15:43:08.669869,,,,,,,
Ananas,12,https://ananas.vn/,https://ananas.vn/product-detail/av00005/,Basas Simple Life NE -  Mule - White,490.000 VND,"['https://ananas.vn/wp-content/uploads/pro_AV00005_1.jpg', 'https://ananas.vn/wp-content/uploads/pro_AV00005_6.jpg', 'https://ananas.vn/wp-content/uploads/pro_AV00005_4.jpg', 'https://ananas.vn/wp-content/uploads/pro_AV00005_5.jpg', 'https://ananas.vn/wp-content/uploads/pro_AV00005_3.jpg', 'https://ananas.vn/wp-content/uploads/pro_AV00005_2.jpg']",2022-08-02 15:43:09.519116,,,,,,,
Ananas,12,https://ananas.vn/,https://ananas.vn/product-detail/ans002-2/,Invisible Socks Pack - Ananas Typo - Black,95.000 VND,"['https://ananas.vn/wp-content/uploads/Detail_2.jpg', 'https://ananas.vn/wp-content/uploads/pro_ANS002_1.jpg']",2022-08-02 15:43:10.191192,,,,,,,
Ananas,12,https://ananas.vn/,https://ananas.vn/product-detail/agt0008/,Hiphop Graphic Tee - Outline Typo - Ketchup,365.000 VND,"['https://ananas.vn/wp-content/uploads/AGT0008_3.jpg', 'https://ananas.vn/wp-content/uploads/AGT0008_2.jpg', 'https://ananas.vn/wp-content/uploads/AGT0008_1.jpg', 'https://ananas.vn/wp-content/uploads/AGT0008_4.jpg', 'https://ananas.vn/wp-content/uploads/AGT0008_5.jpg']",2022-08-02 15:43:10.678041,,,,,,,
Ananas,12,https://ananas.vn/,https://ananas.vn/product-detail/ans017/,Invisible Socks Pack - Ananas Typo - 3 Colors,95.000 VND,"['https://ananas.vn/wp-content/uploads/Detail_2.jpg', 'https://ananas.vn/wp-content/uploads/pro_ANS017_1.jpg']",2022-08-02 15:43:11.493509,,,,,,,
Ananas,12,https://ananas.vn/,https://ananas.vn/product-detail/alb001/,Blank Shoelaces - Black,35.000 VND,"['https://ananas.vn/wp-content/uploads/pro_ALB001_1-1.jpg', 'https://ananas.vn/wp-content/uploads/pro_ALB001_3.jpg', 'https://ananas.vn/wp-content/uploads/pro_ALB001_2.jpg']",2022-08-02 15:43:12.324305,,,,,,,
Ananas,12,https://ananas.vn/,https://ananas.vn/product-detail/acs001/,Crew Socks - Ananas Typo - Black,95.000 VND,"['https://ananas.vn/wp-content/uploads/ACS001_2.jpg', 'https://ananas.vn/wp-content/uploads/ACS001_1.jpg']",2022-08-02 15:43:12.998555,,,,,,,
Ananas,12,https://ananas.vn/,https://ananas.vn/product-detail/a61107/,Urbas Unsettling - High Top - Insignia/Sulphur,550.000 VND,"['https://ananas.vn/wp-content/uploads/pro_A61107_3.jpg', 'https://ananas.vn/wp-content/uploads/pro_A61107_4.jpg', 'https://ananas.vn/wp-content/uploads/pro_A61107_5.jpg', 'https://ananas.vn/wp-content/uploads/pro_A61107_2.jpg', 'https://ananas.vn/wp-content/uploads/pro_A61107_1.jpg']",2022-08-02 15:43:14.049449,,,,,,,
